player_name,team,position,age,season,fifa_rating,injury_type,injury_start,injury_end,before_m1_result,before_m1_opposition,before_m1_gd,before_m1_rating,before_m2_result,before_m2_opposition,before_m2_gd,before_m2_rating,before_m3_result,before_m3_opposition,before_m3_gd,before_m3_rating,during_m1_result,during_m1_opposition,during_m1_gd,during_m2_result,during_m2_opposition,during_m2_gd,during_m3_result,during_m3_opposition,during_m3_gd,after_m1_result,after_m1_opposition,after_m1_gd,after_m1_rating,after_m2_result,after_m2_opposition,after_m2_gd,after_m2_rating,after_m3_result,after_m3_opposition,after_m3_gd,after_m3_rating,avg_gd_before,avg_points_before,avg_gd_during,avg_points_during,avg_gd_after,avg_points_after,avg_rating_before,avg_rating_after,rating_change,gd_drop_index,points_drop_index,performance_drop_index,injury_duration_days,injury_month,injury_month_name,injury_year
Jamaal Lascelles,Newcastle,Center Back,26,2019/20,77,Knee injury,2019-11-09,2020-01-13,draw,Wolves,0.0,7.4,win,West Ham,1.0,6.1,win,Bournemouth,1.0,5.8,lose,Aston Villa,-2.0,draw,Man City,0.0,win,Sheffield,2.0,win,Chelsea,1.0,7.1,draw,Everton,0.0,6.2,draw,Norwich City,0.0,6.7,0.6666666666666666,2.3333333333333335,0.0,1.3333333333333333,0.3333333333333333,1.6666666666666667,6.433333333333334,6.666666666666667,0.2333333333333334,0.6666666666666666,1.0000000000000002,0.6666666666666666,65,11,November,2019
Fabian Schär,Newcastle,Center Back,28,2019/20,79,Knee injury,2019-10-20,2019-11-24,lose,Leicester,-5.0,5.8,win,Man United,1.0,7.5,lose,Chelsea,-1.0,6.1,draw,Wolves,0.0,win,West Ham,1.0,win,Bournemouth,1.0,unknown,Unknown,,,unknown,Unknown,,,unknown,Unknown,,,-1.6666666666666667,1.0,0.6666666666666666,2.3333333333333335,0.0,1.3333333333333333,6.466666666666666,6.453333333333333,-0.013333333333332753,-2.3333333333333335,-1.3333333333333335,-2.3333333333333335,35,10,October,2019
Fabian Schär,Newcastle,Center Back,28,2019/20,79,Hamstring strain,2020-01-02,2020-01-17,lose,Man United,-3.0,4.9,lose,Everton,-1.0,7.7,lose,Leicester,-3.0,5.6,draw,Wolves,0.0,unknown,Unknown,,unknown,Unknown,,draw,Everton,0.0,,lose,Arsenal,-4.0,,lose,Crystal Palace,-1.0,6.5,-2.3333333333333335,0.0,0.0,1.0,-1.6666666666666667,0.3333333333333333,6.066666666666666,6.5,0.43333333333333357,-2.3333333333333335,-1.0,-2.3333333333333335,15,1,January,2020
Fabian Schär,Newcastle,Center Back,28,2019/20,79,Shoulder injury,2020-07-16,2020-09-28,lose,Man City,-5.0,5.2,lose,Watford,-1.0,6.3,lose,Tottenham,-2.0,6.3,draw,Brighton,0.0,lose,Liverpool,-2.0,unknown,Unknown,,unknown,Unknown,,,unknown,Unknown,,,unknown,Unknown,,,-2.6666666666666665,0.0,-1.0,0.5,0.0,1.3333333333333333,5.933333333333334,6.453333333333333,0.5199999999999996,-1.6666666666666665,-0.5,-1.6666666666666665,74,7,July,2020
Paul Dummett,Newcastle,Center Back,28,2019/20,75,Groin injury,2019-12-22,2020-01-10,win,Southampton,2.0,5.8,lose,Burnley,-1.0,6.0,win,Crystal Palace,1.0,6.2,lose,Man United,-3.0,lose,Everton,-1.0,lose,Leicester,-3.0,unknown,Unknown,,,unknown,Unknown,,,unknown,Unknown,,,0.6666666666666666,2.0,-2.3333333333333335,0.0,0.0,1.3333333333333333,6.0,6.5,0.5,3.0,2.0,3.0,19,12,December,2019
Ciaran Clark,Newcastle,Center Back,30,2019/20,75,Calf injury,2019-12-09,2020-01-10,draw,Man City,0.0,6.0,win,Sheffield,2.0,6.4,win,Southampton,1.0,6.4,lose,Burnley,-1.0,win,Crystal Palace,1.0,lose,Man United,-3.0,draw,Wolves,0.0,6.5,win,Chelsea,1.0,6.9,draw,Everton,0.0,6.3,1.0,2.3333333333333335,-1.0,1.0,0.3333333333333333,1.6666666666666667,6.266666666666667,6.566666666666666,0.2999999999999998,2.0,1.3333333333333335,2.0,32,12,December,2019
Ciaran Clark,Newcastle,Center Back,30,2019/20,75,Ankle injury,2020-02-16,2020-09-14,draw,Everton,0.0,6.3,draw,Norwich City,0.0,7.0,lose,Arsenal,-4.0,5.6,lose,Crystal Palace,-1.0,draw,Burnley,0.0,win,Southampton,1.0,unknown,Unknown,,,unknown,Unknown,,,unknown,Unknown,,,-1.3333333333333333,0.6666666666666666,0.0,1.3333333333333333,0.0,1.3333333333333333,6.3,6.349999999999999,0.049999999999998934,-1.3333333333333333,-0.6666666666666666,-1.3333333333333333,211,2,February,2020
Jetro Willems,Newcastle,Left Back,26,2019/20,77,Knee injury,2019-09-22,2019-10-05,draw,Watford,0.0,6.7,lose,Liverpool,-2.0,6.5,draw,Brighton,0.0,6.3,lose,Leicester,-5.0,unknown,Unknown,,unknown,Unknown,,win,Man United,1.0,7.7,lose,Chelsea,-1.0,6.2,draw,Wolves,0.0,6.5,-0.6666666666666666,0.6666666666666666,-5.0,0.0,0.0,1.3333333333333333,6.5,6.8,0.2999999999999998,4.333333333333333,0.6666666666666666,4.333333333333333,13,9,September,2019
Jetro Willems,Newcastle,Left Back,26,2019/20,77,Knee injury,2019-12-15,2019-12-25,win,Sheffield,2.0,6.0,win,Southampton,-1.0,5.8,lose,Burnley,-1.0,6.2,win,Crystal Palace,1.0,unknown,Unknown,,unknown,Unknown,,lose,Man United,-3.0,6.0,lose,Everton,-1.0,6.8,lose,Leicester,-3.0,5.8,0.0,2.0,1.0,3.0,-2.3333333333333335,0.0,6.0,6.2,0.20000000000000018,-1.0,-1.0,-1.0,10,12,December,2019
Jetro Willems,Newcastle,Left Back,26,2019/20,77,Cruciate ligament tear,2020-01-18,2020-09-20,lose,Leicester,-3.0,5.8,draw,Wolves,0.0,6.3,win,Chelsea,1.0,6.1,draw,Everton,0.0,draw,Norwich City,0.0,lose,Arsenal,-4.0,unknown,Unknown,,,unknown,Unknown,,,unknown,Unknown,,,-0.6666666666666666,1.3333333333333333,-1.3333333333333333,0.6666666666666666,0.0,1.3333333333333333,6.066666666666666,6.5,0.43333333333333357,0.6666666666666666,0.6666666666666666,0.6666666666666666,246,1,January,2020
DeAndre Yedlin,Newcastle,Right Back,26,2019/20,74,Groin problems,2019-04-28,2019-09-28,unknown,Unknown,,,unknown,Unknown,,,unknown,Unknown,,,draw,Watford,0.0,lose,Liverpool,-2.0,draw,Brighton,0.0,lose,Leicester,-5.0,5.9,win,Man United,1.0,6.7,lose,Chelsea,-1.0,6.2,0.0,1.3333333333333333,-0.6666666666666666,0.6666666666666666,-1.6666666666666667,1.0,5.966666666666667,6.266666666666667,0.2999999999999998,0.6666666666666666,0.6666666666666666,0.6666666666666666,153,4,April,2019
DeAndre Yedlin,Newcastle,Right Back,26,2019/20,74,Hip injury,2019-11-27,2019-12-10,win,West Ham,1.0,5.6,win,Bournemouth,1.0,7.3,lose,Aston Villa,-2.0,5.6,draw,Man City,0.0,win,Sheffield,2.0,win,Southampton,1.0,unknown,Unknown,,,lose,Man United,-3.0,5.7,lose,Everton,-1.0,5.9,0.0,2.0,1.0,2.3333333333333335,-2.0,0.0,6.166666666666667,5.800000000000001,-0.36666666666666625,-1.0,-0.3333333333333335,-1.0,13,11,November,2019
DeAndre Yedlin,Newcastle,Right Back,26,2019/20,74,Hand injury,2020-01-05,2020-01-23,lose,Man United,-3.0,5.9,lose,Everton,-1.0,5.7,lose,Leicester,-3.0,5.7,draw,Wolves,0.0,win,Chelsea,1.0,draw,Everton,0.0,unknown,Unknown,,,unknown,Unknown,,,unknown,Unknown,,,-2.3333333333333335,0.0,0.3333333333333333,1.6666666666666667,0.0,1.3333333333333333,5.766666666666667,6.033333333333333,0.2666666666666666,-2.666666666666667,-1.6666666666666667,-2.666666666666667,18,1,January,2020
Emil Krafth,Newcastle,Right Back,25,2019/20,75,Ankle injury,2020-01-21,2020-06-20,win,Chelsea,1.0,6.6,draw,Everton,0.0,5.7,unknown,Unknown,,,draw,Norwich City,0.0,lose,Arsenal,-4.0,lose,Crystal Palace,-1.0,win,Bournemouth,3.0,6.2,draw,West Ham,0.0,6.3,unknown,Unknown,,,0.5,2.0,-1.6666666666666667,0.3333333333333333,1.5,2.0,6.15,6.25,0.09999999999999964,2.166666666666667,1.6666666666666667,2.166666666666667,151,1,January,2020
Emil Krafth,Newcastle,Right Back,25,2019/20,75,Ankle injury,2020-07-21,2020-09-11,lose,Watford,-1.0,,lose,Tottenham,-2.0,6.1,draw,Brighton,0.0,6.6,lose,Liverpool,-2.0,unknown,Unknown,,unknown,Unknown,,unknown,Unknown,,,unknown,Unknown,,,unknown,Unknown,,,-1.0,0.3333333333333333,-2.0,0.0,0.0,1.3333333333333333,6.35,6.25,-0.09999999999999964,1.0,0.3333333333333333,1.0,52,7,July,2020
Javier Manquillo,Newcastle,Right Back,26,2019/20,75,Hamstring strain,2020-01-02,2020-02-28,lose,Man United,-3.0,6.1,lose,Leicester,-3.0,5.2,unknown,Unknown,,,draw,Wolves,0.0,win,Chelsea,1.0,draw,Everton,0.0,draw,Burnley,0.0,6.1,win,Southampton,1.0,6.4,win,Sheffield,3.0,6.8,-3.0,0.0,0.3333333333333333,1.6666666666666667,1.3333333333333333,2.3333333333333335,5.65,6.433333333333334,0.7833333333333332,-3.3333333333333335,-1.6666666666666667,-3.3333333333333335,57,1,January,2020
Isaac Hayden,Newcastle,Defensive Midfielder,25,2019/20,78,Hamstring strain,2020-07-05,2020-07-25,draw,Aston Villa,0.0,6.3,win,Bournemouth,3.0,6.1,draw,West Ham,0.0,5.9,lose,Man City,-5.0,lose,Watford,-1.0,lose,Tottenham,-2.0,unknown,Unknown,,,unknown,Unknown,,,unknown,Unknown,,,1.0,1.6666666666666667,-2.6666666666666665,0.0,0.0,1.3333333333333333,6.1000000000000005,6.666666666666667,0.5666666666666664,3.6666666666666665,1.6666666666666667,3.6666666666666665,20,7,July,2020
Sean Longstaff,Newcastle,Central Midfielder,22,2019/20,74,Ankle injury,2019-09-01,2019-09-28,lose,Norwich City,-2.0,6.5,win,Tottenham,1.0,6.0,draw,Watford,0.0,7.1,draw,Brighton,0.0,unknown,Unknown,,unknown,Unknown,,lose,Leicester,-5.0,5.9,win,Man United,1.0,7.3,lose,Chelsea,-1.0,6.2,-0.3333333333333333,1.3333333333333333,0.0,1.0,-1.6666666666666667,1.0,6.533333333333334,6.466666666666666,-0.0666666666666682,-0.3333333333333333,0.33333333333333326,-0.3333333333333333,27,9,September,2019
Sean Longstaff,Newcastle,Central Midfielder,22,2019/20,74,Hamstring injury,2020-07-01,2020-07-25,win,Southampton,1.0,,win,Bournemouth,3.0,7.0,unknown,Unknown,,,draw,West Ham,0.0,lose,Man City,-5.0,lose,Watford,-1.0,unknown,Unknown,,,unknown,Unknown,,,unknown,Unknown,,,2.0,3.0,-2.0,0.3333333333333333,0.0,1.3333333333333333,7.0,6.388888888888888,-0.6111111111111116,4.0,2.6666666666666665,4.0,24,7,July,2020
Jonjo Shelvey,Newcastle,Central Midfielder,28,2019/20,79,Hamstring injury,2019-09-22,2019-10-05,lose,Liverpool,-2.0,5.9,draw,Brighton,0.0,6.6,unknown,Unknown,,,lose,Leicester,-5.0,unknown,Unknown,,unknown,Unknown,,draw,Wolves,0.0,7.3,win,West Ham,1.0,8.0,unknown,Unknown,,,-1.0,0.5,-5.0,0.0,0.5,2.0,6.25,7.65,1.4000000000000004,4.0,0.5,4.0,13,9,September,2019
Jonjo Shelvey,Newcastle,Central Midfielder,28,2019/20,79,Calf injury,2019-12-09,2019-12-20,draw,Man City,0.0,7.5,win,Sheffield,2.0,7.6,win,Southampton,1.0,7.4,lose,Burnley,-1.0,unknown,Unknown,,unknown,Unknown,,win,Crystal Palace,1.0,6.6,lose,Everton,-1.0,6.0,lose,Leicester,-3.0,6.0,1.0,2.3333333333333335,-1.0,0.0,-1.0,1.0,7.5,6.2,-1.2999999999999998,2.0,2.3333333333333335,2.0,11,12,December,2019
Jonjo Shelvey,Newcastle,Central Midfielder,28,2019/20,79,Hamstring strain,2020-01-18,2020-02-28,lose,Leicester,-3.0,6.0,win,Chelsea,1.0,6.9,unknown,Unknown,,,draw,Norwich City,0.0,lose,Arsenal,-4.0,lose,Crystal Palace,-1.0,draw,Burnley,0.0,6.4,win,Southampton,1.0,7.6,win,Sheffield,3.0,6.3,-1.0,1.5,-1.6666666666666667,0.3333333333333333,1.3333333333333333,2.3333333333333335,6.45,6.766666666666667,0.31666666666666643,0.6666666666666667,1.1666666666666667,0.6666666666666667,41,1,January,2020
Matt Ritchie,Newcastle,Right Midfielder,30,2019/20,76,Ankle injury,2019-08-28,2020-01-03,lose,Arsenal,1.0,6.0,lose,Norwich City,-2.0,7.0,win,Tottenham,1.0,6.9,draw,Watford,0.0,lose,Liverpool,-2.0,draw,Brighton,0.0,win,Chelsea,1.0,6.4,draw,Everton,0.0,6.0,draw,Norwich City,0.0,7.4,0.0,1.0,-0.6666666666666666,0.6666666666666666,0.3333333333333333,1.6666666666666667,6.633333333333333,6.6000000000000005,-0.03333333333333233,0.6666666666666666,0.33333333333333337,0.6666666666666666,128,8,August,2019
Allan Saint-Maximin,Newcastle,Left winger,23,2019/20,79,Hamstring strain,2019-09-22,2019-09-28,lose,Arsenal,-1.0,6.5,unknown,Unknown,,,unknown,Unknown,,,lose,Norwich City,-2.0,draw,Watford,0.0,lose,Liverpool,-2.0,draw,Brighton,0.0,6.6,win,Man United,1.0,5.8,lose,Chelsea,-1.0,5.9,-1.0,0.0,-1.3333333333333333,0.3333333333333333,0.0,1.3333333333333333,6.5,6.1000000000000005,-0.39999999999999947,0.33333333333333326,-0.3333333333333333,0.33333333333333326,6,9,September,2019
Miguel Almirón,Newcastle,Right winger,26,2019/20,76,Hamstring injury,2019-12-09,2019-12-20,draw,Man City,0.0,6.8,win,Sheffield,2.0,6.1,win,Southampton,1.0,6.2,lose,Burnley,-1.0,unknown,Unknown,,unknown,Unknown,,win,Crystal Palace,1.0,8.6,lose,Man United,-3.0,5.9,lose,Everton,-1.0,5.7,1.0,2.3333333333333335,-1.0,0.0,-1.0,1.0,6.366666666666667,6.733333333333333,0.36666666666666625,2.0,2.3333333333333335,2.0,11,12,December,2019
Dwight Gayle,Newcastle,Center Forward,30,2019/20,75,Calf injury,2019-08-08,2019-10-05,unknown,Unknown,,,unknown,Unknown,,,unknown,Unknown,,,lose,Arsenal,-1.0,lose,Norwich City,-2.0,win,Tottenham,1.0,unknown,Unknown,,,unknown,Unknown,,,unknown,Unknown,,,0.0,1.3333333333333333,-0.6666666666666666,1.0,0.0,1.3333333333333333,5.933333333333334,6.408333333333333,0.47499999999999964,0.6666666666666666,0.33333333333333326,0.6666666666666666,58,8,August,2019
Dwight Gayle,Newcastle,Center Forward,30,2019/20,75,Hamstring strain,2020-01-02,2020-01-10,lose,Man United,-3.0,5.8,lose,Everton,-1.0,5.7,draw,Wolves,0.0,6.3,win,Chelsea,1.0,draw,Everton,0.0,draw,Norwich City,0.0,lose,Crystal Palace,-1.0,5.5,draw,Burnley,0.0,5.6,win,Southampton,1.0,5.9,-1.3333333333333333,0.3333333333333333,0.3333333333333333,1.6666666666666667,0.0,1.3333333333333333,5.933333333333334,5.666666666666667,-0.2666666666666666,-1.6666666666666665,-1.3333333333333335,-1.6666666666666665,8,1,January,2020
Andy Carroll,Newcastle,Center Forward,31,2019/20,74,Groin injury,2019-10-20,2019-11-01,lose,Leicester,-5.0,6.0,win,Man United,1.0,5.7,lose,Chelsea,-1.0,5.7,draw,Wolves,0.0,unknown,Unknown,,unknown,Unknown,,unknown,Unknown,,,unknown,Unknown,,,lose,Aston Villa,-2.0,6.3,-1.6666666666666667,1.0,0.0,1.0,-2.0,0.0,5.8,6.3,0.5,-1.6666666666666667,0.0,-1.6666666666666667,12,10,October,2019
Andy Carroll,Newcastle,Center Forward,31,2019/20,74,Bruised ribs,2019-11-26,2019-12-03,unknown,Unknown,,,unknown,Unknown,,,lose,Aston Villa,-2.0,6.3,draw,Man City,0.0,unknown,Unknown,,unknown,Unknown,,win,Sheffield,2.0,6.8,win,Southampton,1.0,6.7,lose,Burnley,-1.0,5.8,-2.0,0.0,0.0,1.0,0.6666666666666666,2.0,6.3,6.433333333333334,0.13333333333333375,-2.0,-1.0,-2.0,7,11,November,2019
Andy Carroll,Newcastle,Center Forward,31,2019/20,74,Knock,2020-01-15,2020-06-15,unknown,Unknown,,,unknown,Unknown,,,draw,Wolves,0.0,,win,Chelsea,1.0,draw,Everton,0.0,draw,Norwich City,0.0,win,Sheffield,3.0,,draw,Aston Villa,0.0,6.4,win,Bournemouth,3.0,6.4,0.0,1.0,0.3333333333333333,1.6666666666666667,2.0,2.3333333333333335,6.166666666666667,6.4,0.2333333333333334,-0.3333333333333333,-0.6666666666666667,-0.3333333333333333,152,1,January,2020
Andy Carroll,Newcastle,Center Forward,31,2019/20,74,Muscle injury,2020-07-06,2020-07-17,draw,Aston Villa,0.0,6.4,win,Bournemouth,3.0,6.4,unknown,Unknown,,,lose,Man City,-5.0,lose,Watford,-1.0,lose,Tottenham,-2.0,draw,Brighton,0.0,5.7,lose,Liverpool,-2.0,5.1,unknown,Unknown,,,1.5,2.0,-2.6666666666666665,0.0,-1.0,0.5,6.4,5.4,-1.0,4.166666666666666,2.0,4.166666666666666,11,7,July,2020
Jamaal Lascelles,Newcastle,Center Back,27,2020/21,77,Hip injury,2020-09-28,2020-10-16,win,West Ham,2.0,6.6,lose,Brighton,-3.0,5.6,draw,Tottenham,0.0,6.3,win,Burnley,2.0,unknown,Unknown,,unknown,Unknown,,lose,Man United,3.0,5.3,draw,Wolves,0.0,6.4,win,Everton,1.0,6.4,-0.3333333333333333,1.3333333333333333,2.0,3.0,1.3333333333333333,1.3333333333333333,6.166666666666667,6.033333333333334,-0.13333333333333286,-2.3333333333333335,-1.6666666666666667,-2.3333333333333335,18,9,September,2020
Jamaal Lascelles,Newcastle,Center Back,27,2020/21,77,Muscle fatigue,2020-11-22,2021-01-17,win,Everton,1.0,6.4,lose,Southampton,-2.0,6.1,lose,Chelsea,-2.0,6.3,win,Crystal Palace,2.0,win,West Brom,1.0,lose,Leeds,-3.0,lose,Arsenal,-3.0,5.6,lose,Aston Villa,-2.0,5.6,lose,Leeds,-1.0,6.1,-1.0,1.0,0.0,2.0,-2.0,0.0,6.266666666666667,5.766666666666666,-0.5000000000000009,-1.0,-1.0,-1.0,56,11,November,2020
Jamaal Lascelles,Newcastle,Center Back,27,2020/21,77,Hamstring strain,2021-01-31,2021-02-14,lose,Aston Villa,-2.0,5.6,lose,Leeds,-1.0,6.1,win,Everton,2.0,6.2,lose,Crystal Palace,-1.0,win,Southampton,1.0,unknown,Unknown,,lose,Chelsea,-2.0,7.1,lose,Man United,-2.0,5.3,draw,Wolves,0.0,7.6,-0.3333333333333333,1.0,0.0,1.5,-1.3333333333333333,0.3333333333333333,5.966666666666666,6.666666666666667,0.7000000000000011,-0.3333333333333333,-0.5,-0.3333333333333333,14,1,January,2021
Jamaal Lascelles,Newcastle,Center Back,27,2020/21,77,Foot injury,2021-04-04,2021-06-01,draw,Aston Villa,0.0,7.4,lose,Brighton,-3.0,5.8,draw,Tottenham,-3.0,5.9,win,Burnley,1.0,win,West Ham,1.0,draw,Liverpool,0.0,unknown,Unknown,,,unknown,Unknown,,,unknown,Unknown,,,-2.0,0.6666666666666666,0.6666666666666666,2.3333333333333335,0.0,1.3333333333333333,6.366666666666667,6.283333333333333,-0.08333333333333393,-2.6666666666666665,-1.666666666666667,-2.6666666666666665,58,4,April,2021
Fabian Schär,Newcastle,Center Back,29,2020/21,79,Virus,2020-11-29,2020-12-25,lose,Southampton,-2.0,6.1,lose,Chelsea,-2.0,5.8,unknown,Unknown,,,win,West Brom,1.0,lose,Leeds,-3.0,draw,Fulham,0.0,lose,Man City,-2.0,6.6,draw,Liverpool,0.0,7.6,lose,Leicester,-1.0,6.2,-2.0,0.0,-0.6666666666666666,1.3333333333333333,-1.0,0.3333333333333333,5.949999999999999,6.8,0.8500000000000005,-1.3333333333333335,-1.3333333333333333,-1.3333333333333335,26,11,November,2020
Fabian Schär,Newcastle,Center Back,29,2020/21,79,Knee injury,2021-02-07,2021-04-25,win,Everton,2.0,7.0,lose,Crystal Palace,-1.0,6.5,win,Southampton,1.0,5.4,lose,Chelsea,-2.0,lose,Man United,-2.0,draw,Wolves,0.0,unknown,Unknown,,,unknown,Unknown,,,unknown,Unknown,,,0.6666666666666666,2.0,-1.3333333333333333,0.3333333333333333,0.0,1.3333333333333333,6.3,6.453333333333333,0.15333333333333332,2.0,1.6666666666666667,2.0,77,2,February,2021
Ciaran Clark,Newcastle,Center Back,31,2020/21,76,Calf injury,2021-01-19,2021-01-29,lose,Leicester,-1.0,6.4,lose,Sheffield,-1.0,6.6,lose,Arsenal,-3.0,5.4,lose,Aston Villa,-2.0,lose,Leeds,-1.0,unknown,Unknown,,win,Everton,2.0,6.2,lose,Crystal Palace,-1.0,6.5,unknown,Unknown,,,-1.6666666666666667,0.0,-1.5,0.0,0.5,1.5,6.133333333333333,6.35,0.21666666666666679,-0.16666666666666674,0.0,-0.16666666666666674,10,1,January,2021
Ciaran Clark,Newcastle,Center Back,31,2020/21,76,Knock,2021-02-04,2021-02-14,win,Everton,2.0,6.2,lose,Crystal Palace,-1.0,6.5,unknown,Unknown,,,win,Southampton,1.0,unknown,Unknown,,unknown,Unknown,,lose,Chelsea,-2.0,6.1,lose,Man United,-2.0,6.0,draw,Wolves,0.0,6.3,0.5,1.5,1.0,3.0,-1.3333333333333333,0.3333333333333333,6.35,6.133333333333333,-0.21666666666666679,-0.5,-1.5,-0.5,10,2,February,2021
Javier Manquillo,Newcastle,Right Back,27,2020/21,75,Ankle injury,2021-02-07,2021-03-10,win,Everton,2.0,6.5,lose,Crystal Palace,-1.0,6.2,win,Southampton,1.0,6.1,lose,Chelsea,-2.0,lose,Man United,-2.0,draw,Wolves,0.0,unknown,Unknown,,,lose,Brighton,-3.0,6.2,unknown,Unknown,,,0.6666666666666666,2.0,-1.3333333333333333,0.3333333333333333,-3.0,0.0,6.266666666666667,6.2,-0.06666666666666643,2.0,1.6666666666666667,2.0,31,2,February,2021
Isaac Hayden,Newcastle,Defensive Midfielder,26,2020/21,78,Coronavirus,2020-11-25,2020-12-11,unknown,Unknown,,,lose,Chelsea,-2.0,6.3,unknown,Unknown,,,win,Crystal Palace,2.0,unknown,Unknown,,unknown,Unknown,,win,West Brom,1.0,6.9,lose,Leeds,-3.0,5.9,draw,Fulham,0.0,7.2,-2.0,0.0,2.0,3.0,-0.6666666666666666,1.3333333333333333,6.3,6.666666666666667,0.36666666666666714,-4.0,-3.0,-4.0,16,11,November,2020
Isaac Hayden,Newcastle,Defensive Midfielder,26,2020/21,87,Knee injury,2021-03-20,2021-06-01,draw,West Brom,0.0,6.7,draw,Aston Villa,0.0,6.9,lose,Brighton,-3.0,6.2,draw,Tottenham,0.0,win,Burnley,2.0,win,West Ham,1.0,unknown,Unknown,,,unknown,Unknown,,,unknown,Unknown,,,-1.0,0.6666666666666666,1.0,2.3333333333333335,0.0,1.3333333333333333,6.6000000000000005,6.666666666666667,0.06666666666666643,-2.0,-1.666666666666667,-2.0,73,3,March,2021
Jonjo Shelvey,Newcastle,Central Midfielder,29,2020/21,78,Groin injury,2020-10-19,2020-11-20,draw,Tottenham,0.0,5.9,win,Burnley,2.0,7.1,lose,Man United,-3.0,6.7,draw,Wolves,0.0,win,Everton,1.0,lose,Southampton,-2.0,win,Crystal Palace,2.0,6.5,win,West Brom,1.0,6.6,draw,Fulham,0.0,6.7,-0.3333333333333333,1.3333333333333333,-0.3333333333333333,1.3333333333333333,1.0,2.3333333333333335,6.566666666666666,6.6000000000000005,0.0333333333333341,0.0,0.0,0.0,32,10,October,2020
Jonjo Shelvey,Newcastle,Central Midfielder,29,2020/21,78,Hamstring injury,2021-01-04,2021-01-17,lose,Leicester,-1.0,5.8,unknown,Unknown,,,unknown,Unknown,,,lose,Sheffield,-1.0,unknown,Unknown,,unknown,Unknown,,lose,Arsenal,-3.0,6.2,lose,Aston Villa,-2.0,6.2,lose,Leeds,-1.0,6.6,-1.0,0.0,-1.0,0.0,-2.0,0.0,5.8,6.333333333333333,0.5333333333333332,0.0,0.0,0.0,13,1,January,2021
Matt Ritchie,Newcastle,Right Midfielder,31,2020/21,76,Shoulder injury,2020-09-27,2020-11-25,draw,Tottenham,0.0,6.0,unknown,Unknown,,,unknown,Unknown,,,win,Burnley,2.0,lose,Man United,-3.0,draw,Wolves,1.0,win,Crystal Palace,2.0,6.6,win,West Brom,1.0,6.1,draw,Fulham,0.0,5.0,0.0,1.0,0.0,1.3333333333333333,1.0,2.3333333333333335,6.0,5.8999999999999995,-0.10000000000000053,0.0,-0.33333333333333326,0.0,59,9,September,2020
Allan Saint-Maximin,Newcastle,Left winger,24,2020/21,79,Ankle injury,2020-09-21,2020-10-01,win,West Ham,2.0,6.7,lose,Brighton,-3.0,5.3,unknown,Unknown,,,draw,Tottenham,0.0,unknown,Unknown,,unknown,Unknown,,win,Burnley,2.0,8.3,lose,Man United,-3.0,7.3,draw,Wolves,0.0,6.5,-0.5,1.5,0.0,1.0,-0.3333333333333333,1.3333333333333333,6.0,7.366666666666667,1.3666666666666671,-0.5,0.5,-0.5,10,9,September,2020
Allan Saint-Maximin,Newcastle,Left winger,24,2020/21,79,Calf injury,2020-11-22,2021-01-22,win,Everton,1.0,6.2,lose,Southampton,-2.0,6.1,lose,Chelsea,-2.0,5.9,win,Crystal Palace,2.0,win,West Brom,1.0,lose,Leeds,-3.0,lose,Aston Villa,-2.0,5.7,lose,Leeds,-1.0,6.1,win,Everton,2.0,5.4,-1.0,1.0,0.0,2.0,-0.3333333333333333,1.0,6.066666666666666,5.733333333333333,-0.33333333333333304,-1.0,-1.0,-1.0,61,11,November,2020
Allan Saint-Maximin,Newcastle,Left winger,24,2020/21,79,Groin injury,2021-02-28,2021-04-04,lose,Chelsea,-2.0,6.1,lose,Man United,-2.0,7.4,draw,Wolves,0.0,7.0,draw,West Brom,0.0,draw,Aston Villa,0.0,lose,Brighton,-3.0,draw,Tottenham,0.0,5.5,win,Burnley,1.0,7.8,win,West Ham,1.0,6.3,-1.3333333333333333,0.3333333333333333,-1.0,0.6666666666666666,0.6666666666666666,2.3333333333333335,6.833333333333333,6.533333333333334,-0.29999999999999893,-0.33333333333333326,-0.3333333333333333,-0.33333333333333326,35,2,February,2021
Miguel Almirón,Newcastle,Right winger,27,2020/21,76,Knee injury,2021-02-28,2021-03-15,lose,Chelsea,-2.0,6.1,lose,Man United,-2.0,5.7,draw,Wolves,0.0,6.2,draw,West Brom,0.0,draw,Aston Villa,0.0,unknown,Unknown,,lose,Brighton,-3.0,5.6,draw,Tottenham,0.0,6.5,win,Burnley,1.0,6.3,-1.3333333333333333,0.3333333333333333,0.0,1.0,-0.6666666666666666,1.3333333333333333,6.0,6.133333333333333,0.13333333333333286,-1.3333333333333333,-0.6666666666666667,-1.3333333333333333,15,2,February,2021
Dwight Gayle,Newcastle,Center Forward,31,2020/21,75,Inner ligament injury,2020-09-05,2020-12-11,unknown,Unknown,,,unknown,Unknown,,,unknown,Unknown,,,win,West Ham,2.0,lose,Brighton,-3.0,draw,Tottenham,0.0,win,West Brom,1.0,7.8,lose,Leeds,-3.0,,draw,Fulham,0.0,6.5,0.0,1.3333333333333333,-0.3333333333333333,1.3333333333333333,-0.6666666666666666,1.3333333333333333,5.933333333333334,7.15,1.2166666666666668,0.3333333333333333,0.0,0.3333333333333333,97,9,September,2020
Jamal Lewis,Newcastle,Left Back,23,2020/21,75,Knee problems,2020-12-31,2021-01-15,unknown,Unknown,,,lose,Man City,-2.0,5.9,unknown,Unknown,,,lose,Leicester,-1.0,lose,Sheffield,-1.0,unknown,Unknown,,lose,Arsenal,-3.0,5.6,lose,Aston Villa,-2.0,5.1,lose,Leeds,-1.0,6.3,-2.0,0.0,-1.0,0.0,-2.0,0.0,5.9,5.666666666666667,-0.2333333333333334,-1.0,0.0,-1.0,15,12,December,2020
Ryan Fraser,Newcastle,Left winger,27,2020/21,77,Hamstring injury,2020-11-02,2020-12-15,lose,Man United,-3.0,5.1,draw,Wolves,0.0,5.7,win,Everton,1.0,5.7,lose,Southampton,-2.0,lose,Chelsea,-2.0,win,Crystal Palace,2.0,lose,Leeds,-3.0,7.1,draw,Fulham,0.0,,unknown,Unknown,,,-0.6666666666666666,1.3333333333333333,-0.6666666666666666,1.0,-1.5,0.5,5.5,7.1,1.5999999999999996,0.0,0.33333333333333326,0.0,43,11,November,2020
Ryan Fraser,Newcastle,Left winger,27,2020/21,77,Groin injury,2021-04-01,2021-05-31,draw,West Brom,0.0,5.8,draw,Aston Villa,0.0,6.4,lose,Brighton,-3.0,6.1,draw,Tottenham,0.0,win,Burnley,1.0,win,West Ham,1.0,unknown,Unknown,,,unknown,Unknown,,,unknown,Unknown,,,-1.0,0.6666666666666666,0.6666666666666666,2.3333333333333335,0.0,1.3333333333333333,6.1000000000000005,7.1,0.9999999999999991,-1.6666666666666665,-1.666666666666667,-1.6666666666666665,60,4,April,2021
Callum Wilson,Newcastle,Center Forward,29,2020/21,79,Hamstring strain,2020-11-07,2020-11-26,draw,Wolves,0.0,5.7,win,Everton,1.0,7.8,lose,Southampton,-2.0,5.2,lose,Chelsea,-2.0,unknown,Unknown,,unknown,Unknown,,win,Crystal Palace,2.0,7.2,win,West Brom,1.0,5.7,lose,Leeds,-3.0,6.9,-0.3333333333333333,1.3333333333333333,-2.0,0.0,0.0,2.0,6.233333333333333,6.6000000000000005,0.36666666666666714,1.6666666666666667,1.3333333333333333,1.6666666666666667,19,11,November,2020
Callum Wilson,Newcastle,Center Forward,29,2020/21,79,Hamstring injury,2021-02-07,2021-04-04,win,Everton,2.0,8.5,lose,Crystal Palace,-1.0,6.9,win,Southampton,1.0,6.1,lose,Chelsea,-2.0,lose,Man United,-2.0,draw,Wolves,0.0,win,Burnley,1.0,5.2,win,West Ham,1.0,6.2,draw,Liverpool,0.0,5.7,0.6666666666666666,2.0,-1.3333333333333333,0.3333333333333333,0.6666666666666666,2.3333333333333335,7.166666666666667,5.7,-1.4666666666666668,2.0,1.6666666666666667,2.0,56,2,February,2021
Callum Wilson,Newcastle,Center Forward,29,2020/21,79,Hamstring injury,2021-05-08,2021-05-25,draw,Liverpool,0.0,5.7,lose,Arsenal,-2.0,5.5,win,Leicester,2.0,8.1,lose,Man City,-1.0,win,Sheffield,1.0,win,Fulham,2.0,unknown,Unknown,,,unknown,Unknown,,,unknown,Unknown,,,0.0,1.3333333333333333,0.6666666666666666,2.0,0.0,1.3333333333333333,6.433333333333334,6.396296296296296,-0.0370370370370372,-0.6666666666666666,-0.6666666666666667,-0.6666666666666666,17,5,May,2021
Jamaal Lascelles,Newcastle,Center Back,28,2021/22,77,Ill,2022-02-11,2022-02-16,draw,Watford,0.0,7.0,win,Leeds,1.0,7.0,win,Everton,2.0,6.6,win,Aston Villa,1.0,unknown,Unknown,,unknown,Unknown,,unknown,Unknown,,,unknown,Unknown,,,unknown,Unknown,,,1.0,2.3333333333333335,1.0,3.0,0.0,1.3333333333333333,6.866666666666667,6.283333333333333,-0.5833333333333339,0.0,-0.6666666666666665,0.0,5,2,February,2022
Paul Dummett,Newcastle,Center Back,30,2021/22,75,Calf injury,2021-07-28,2022-01-01,unknown,Unknown,,,unknown,Unknown,,,unknown,Unknown,,,lose,Liverpool,-2.0,lose,Man City,-4.0,draw,Man United,0.0,draw,Watford,0.0,7.0,win,Leeds,1.0,6.0,unknown,Unknown,,,0.0,1.3333333333333333,-2.0,0.3333333333333333,0.5,2.0,6.0,6.5,0.5,2.0,1.0,2.0,157,7,July,2021
Joelinton,Newcastle,Central Midfielder,25,2021/22,79,Knock,2022-03-07,2022-03-15,draw,West Ham,0.0,6.4,win,Brentford,2.0,7.7,win,Brighton,1.0,6.6,win,Southampton,1.0,lose,Chelsea,-1.0,unknown,Unknown,,lose,Everton,-1.0,6.2,lose,Tottenham,-4.0,5.5,win,Wolves,1.0,6.6,1.0,2.3333333333333335,0.0,1.5,-1.3333333333333333,1.0,6.8999999999999995,6.1000000000000005,-0.7999999999999989,1.0,0.8333333333333335,1.0,8,3,March,2022
Jonjo Shelvey,Newcastle,Central Midfielder,30,2021/22,77,Calf injury,2021-08-15,2021-10-15,lose,West Ham,-2.0,7.0,unknown,Unknown,,,unknown,Unknown,,,lose,Aston Villa,-2.0,draw,Southampton,0.0,lose,Man United,-3.0,unknown,Unknown,,,unknown,Unknown,,,draw,Brighton,0.0,6.0,-2.0,0.0,-1.6666666666666667,0.3333333333333333,0.0,1.0,7.0,6.0,-1.0,-0.33333333333333326,-0.3333333333333333,-0.33333333333333326,61,8,August,2021
Jonjo Shelvey,Newcastle,Central Midfielder,30,2021/22,77,Muscle injury,2021-12-17,2021-12-26,win,Burnley,1.0,7.0,lose,Leicester,-4.0,6.0,lose,Liverpool,-2.0,7.0,lose,Man City,-4.0,unknown,Unknown,,unknown,Unknown,,draw,Man United,0.0,7.0,draw,Watford,0.0,7.0,win,Leeds,1.0,9.0,-1.6666666666666667,1.0,-4.0,0.0,0.3333333333333333,1.6666666666666667,6.666666666666667,7.666666666666667,1.0,2.333333333333333,1.0,2.333333333333333,9,12,December,2021
Jonjo Shelvey,Newcastle,Central Midfielder,30,2021/22,77,Calf problems,2022-05-01,2022-05-25,win,Leicester,1.0,7.0,win,Crystal Palace,1.0,6.0,lose,Liverpool,1.0,6.0,lose,Man City,-5.0,win,Arsenal,2.0,win,Burnley,1.0,unknown,Unknown,,,unknown,Unknown,,,unknown,Unknown,,,1.0,2.0,-0.6666666666666666,2.0,0.0,1.3333333333333333,6.333333333333333,6.745238095238095,0.4119047619047622,1.6666666666666665,0.0,1.6666666666666665,24,5,May,2022
Allan Saint-Maximin,Newcastle,Left winger,25,2021/22,79,Ill & knock,2022-02-14,2022-03-12,win,Leeds,1.0,8.0,win,Everton,2.0,9.0,win,Aston Villa,1.0,5.0,draw,West Ham,0.0,win,Brentford,2.0,win,Southampton,1.0,lose,Chelsea,-1.0,,lose,Everton,-1.0,,lose,Tottenham,-4.0,6.0,1.3333333333333333,3.0,1.0,2.3333333333333335,-2.0,0.0,7.333333333333333,6.0,-1.333333333333333,0.33333333333333326,0.6666666666666665,0.33333333333333326,26,2,February,2022
Joe Willock,Newcastle,Central Midfielder,22,2021/22,75,Coronavirus,2021-12-21,2021-12-31,lose,Leicester,-4.0,5.9,unknown,Unknown,,,lose,Man City,-4.0,5.4,draw,Man United,0.0,unknown,Unknown,,unknown,Unknown,,win,Leeds,1.0,7.0,win,Everton,2.0,6.5,win,Aston Villa,1.0,6.3,-4.0,0.0,0.0,1.0,1.3333333333333333,3.0,5.65,6.6000000000000005,0.9500000000000002,-4.0,-1.0,-4.0,10,12,December,2021
Joe Willock,Newcastle,Central Midfielder,22,2021/22,75,Knee injury,2022-04-04,2022-04-10,win,Southampton,1.0,6.9,lose,Everton,-1.0,6.5,lose,Tottenham,-4.0,5.9,win,Wolves,1.0,unknown,Unknown,,unknown,Unknown,,win,Leicester,1.0,,win,Crystal Palace,1.0,,win,Norwich City,3.0,6.0,-1.3333333333333333,1.0,1.0,3.0,1.6666666666666667,3.0,6.433333333333334,6.0,-0.43333333333333357,-2.333333333333333,-2.0,-2.333333333333333,6,4,April,2022
Joe Willock,Newcastle,Central Midfielder,22,2021/22,75,Knee injury,2022-05-01,2022-05-25,win,Crystal Palace,1.0,,win,Norwich City,3.0,6.0,lose,Liverpool,-1.0,5.1,lose,Man City,-5.0,win,Arsenal,2.0,win,Burnley,1.0,unknown,Unknown,,,unknown,Unknown,,,unknown,Unknown,,,1.0,2.0,-0.6666666666666666,2.0,0.0,1.3333333333333333,5.55,6.375,0.8250000000000002,1.6666666666666665,0.0,1.6666666666666665,24,5,May,2022
Ryan Fraser,Newcastle,Left winger,28,2021/22,77,Hamstring injury,2022-04-08,2022-05-09,lose,Everton,-1.0,5.5,lose,Tottenham,-4.0,5.8,unknown,Unknown,,,win,Leicester,1.0,win,Crystal Palace,1.0,win,Norwich City,3.0,win,Arsenal,2.0,,unknown,Unknown,,,unknown,Unknown,,,-2.5,0.0,1.6666666666666667,3.0,2.0,3.0,5.65,7.1,1.4499999999999993,-4.166666666666667,-3.0,-4.166666666666667,31,4,April,2022
Callum Wilson,Newcastle,Center Forward,30,2021/22,78,Hamstring injury,2021-08-30,2021-10-17,lose,West Ham,2.0,6.9,lose,Aston Villa,-2.0,5.3,draw,Southampton,0.0,6.8,lose,Man United,-3.0,draw,Leeds,0.0,draw,Watford,0.0,lose,Tottenham,-1.0,6.9,draw,Crystal Palace,0.0,6.3,lose,Chelsea,-3.0,5.2,0.0,0.3333333333333333,-1.0,0.6666666666666666,-1.3333333333333333,0.3333333333333333,6.333333333333333,6.133333333333333,-0.20000000000000018,1.0,-0.3333333333333333,1.0,48,8,August,2021
Callum Wilson,Newcastle,Center Forward,30,2021/22,78,Calf injury,2021-12-27,2022-05-01,lose,Liverpool,-2.0,,lose,Man City,-4.0,5.9,draw,Man United,0.0,5.4,draw,Watford,0.0,win,Leeds,1.0,win,Everton,2.0,lose,Man City,-5.0,,win,Arsenal,2.0,5.4,win,Burnley,1.0,7.8,-2.0,0.3333333333333333,1.0,2.3333333333333335,-0.6666666666666666,2.0,5.65,6.6,0.9499999999999993,-3.0,-2.0,-3.0,125,12,December,2021
Kieran Trippier,Newcastle,Right Back,31,2021/22,81,Metatarsal fracture,2022-02-13,2022-05-01,win,Leeds,1.0,7.0,win,Everton,2.0,7.3,win,Aston Villa,1.0,7.5,draw,West Ham,0.0,win,Brentford,2.0,win,Brighton,1.0,lose,Man City,-5.0,,win,Burnley,1.0,6.3,unknown,Unknown,,,1.3333333333333333,3.0,1.0,2.3333333333333335,-2.0,1.5,7.266666666666667,6.3,-0.9666666666666668,0.33333333333333326,0.6666666666666665,0.33333333333333326,77,2,February,2022
Chris Wood,Newcastle,Center Forward,30,2021/22,77,Hip injury,2022-05-09,2022-05-20,unknown,Unknown,,,lose,Liverpool,-1.0,,lose,Man City,-5.0,5.6,win,Arsenal,2.0,unknown,Unknown,,unknown,Unknown,,win,Burnley,1.0,,unknown,Unknown,,,unknown,Unknown,,,-3.0,0.0,2.0,3.0,1.0,3.0,5.6,6.3375,0.7375000000000007,-5.0,-3.0,-5.0,11,5,May,2022
Fabian Schär,Newcastle,Center Back,31,2022/23,80,concussion,2023-02-27,2023-03-05,draw,West Ham,0.0,6.7,draw,Bournemouth,0.0,6.4,lose,Liverpool,-2.0,5.5,lose,Man City,-2.0,unknown,Unknown,,unknown,Unknown,,win,Wolves,1.0,6.6,win,Nottm Forest,1.0,6.4,win,Man United,2.0,6.9,-0.6666666666666666,0.6666666666666666,-2.0,0.0,1.3333333333333333,3.0,6.2,6.633333333333333,0.4333333333333327,1.3333333333333335,0.6666666666666666,1.3333333333333335,6,2,February,2023
Joelinton,Newcastle,Central Midfielder,26,2022/23,80,Knock,2023-05-22,2023-05-31,lose,Arsenal,-2.0,6.4,draw,Leeds,0.0,6.0,win,Brighton,3.0,6.3,draw,Leicester,0.0,draw,Chelsea,0.0,unknown,Unknown,,unknown,Unknown,,,unknown,Unknown,,,unknown,Unknown,,,0.3333333333333333,1.3333333333333333,0.0,1.0,0.0,1.3333333333333333,6.233333333333333,6.577777777777778,0.344444444444445,0.3333333333333333,0.33333333333333326,0.3333333333333333,9,5,May,2023
Sean Longstaff,Newcastle,Central Midfielder,25,2022/23,77,Outer ligament problems,2023-04-27,2023-05-20,lose,Aston Villa,-3.0,5.8,win,Tottenham,5.0,7.3,win,Everton,3.0,6.2,win,Southampton,2.0,lose,Arsenal,-2.0,draw,Leeds,0.0,draw,Leicester,0.0,6.3,unknown,Unknown,,,unknown,Unknown,,,1.6666666666666667,2.0,0.0,1.3333333333333333,0.0,1.0,6.433333333333334,6.3,-0.13333333333333375,1.6666666666666667,0.6666666666666667,1.6666666666666667,23,4,April,2023
Jonjo Shelvey,Newcastle,Central Midfielder,31,2022/23,77,Hamstring injury,2022-07-26,2022-10-10,unknown,Unknown,,,unknown,Unknown,,,unknown,Unknown,,,win,Nottm Forest,2.0,draw,Brighton,0.0,draw,Man City,0.0,unknown,Unknown,,,win,Aston Villa,4.0,,win,Southampton,3.0,,0.0,1.3333333333333333,0.6666666666666666,1.6666666666666667,3.5,3.0,6.570833333333333,6.745238095238095,0.1744047619047624,-0.6666666666666666,-0.3333333333333335,-0.6666666666666666,76,7,July,2022
Allan Saint-Maximin,Newcastle,Left winger,26,2022/23,79,Hamstring injury,2022-08-29,2022-10-05,draw,Brighton,0.0,7.0,draw,Man City,0.0,9.0,draw,Wolves,0.0,7.0,lose,Liverpool,-1.0,draw,Crystal Palace,0.0,draw,Bournemouth,0.0,win,Brentford,4.0,,unknown,Unknown,,,unknown,Unknown,,,0.0,1.0,-0.3333333333333333,0.6666666666666666,4.0,3.0,7.666666666666667,6.346666666666667,-1.3200000000000003,0.3333333333333333,0.33333333333333337,0.3333333333333333,37,8,August,2022
Allan Saint-Maximin,Newcastle,Left winger,26,2022/23,79,Muscle injury,2022-10-14,2022-10-26,win,Brentford,4.0,,unknown,Unknown,,,unknown,Unknown,,,draw,Man United,0.0,win,Everton,1.0,win,Tottenham,1.0,unknown,Unknown,,,win,Southampton,3.0,,unknown,Unknown,,,4.0,3.0,0.6666666666666666,2.3333333333333335,3.0,3.0,6.723809523809523,6.346666666666667,-0.37714285714285634,3.3333333333333335,0.6666666666666665,3.3333333333333335,12,10,October,2022
Allan Saint-Maximin,Newcastle,Left winger,26,2022/23,79,Hamstring injury,2023-04-06,2023-05-05,win,Nottm Forest,1.0,5.0,win,Man United,2.0,8.0,win,West Ham,4.0,7.0,win,Brentford,1.0,lose,Aston Villa,-3.0,win,Tottenham,5.0,lose,Arsenal,-2.0,,draw,Leeds,0.0,,unknown,Unknown,,,2.3333333333333335,3.0,1.0,2.0,-1.0,0.5,6.666666666666667,6.346666666666667,-0.3200000000000003,1.3333333333333335,1.0,1.3333333333333335,29,4,April,2023
Miguel Almirón,Newcastle,Right winger,29,2022/23,78,Thigh problems,2023-03-15,2023-04-15,lose,Liverpool,-2.0,6.2,lose,Man City,-2.0,5.5,win,Wolves,1.0,,win,Nottm Forest,1.0,win,Man United,2.0,win,West Ham,4.0,lose,Aston Villa,-3.0,,win,Tottenham,5.0,,win,Everton,3.0,5.9,-1.0,1.0,2.3333333333333335,3.0,1.6666666666666667,2.0,5.85,5.9,0.05000000000000071,-3.3333333333333335,-2.0,-3.3333333333333335,31,3,March,2023
Joe Willock,Newcastle,Central Midfielder,23,2022/23,76,Hamstring injury,2023-05-18,2023-06-05,lose,Arsenal,2.0,6.4,draw,Leeds,0.0,7.0,win,Brighton,3.0,6.5,draw,Leicester,0.0,draw,Chelsea,0.0,unknown,Unknown,,unknown,Unknown,,,unknown,Unknown,,,unknown,Unknown,,,1.6666666666666667,1.3333333333333333,0.0,1.0,0.0,1.3333333333333333,6.633333333333333,6.375,-0.25833333333333286,1.6666666666666667,0.33333333333333326,1.6666666666666667,18,5,May,2023
Callum Wilson,Newcastle,Center Forward,31,2022/23,79,Hamstring injury,2022-08-21,2022-09-25,win,Nottm Forest,2.0,6.8,draw,Brighton,0.0,5.1,draw,Man City,0.0,6.9,draw,Wolves,0.0,lose,Liverpool,1.0,draw,Crystal Palace,0.0,win,Fulham,3.0,6.7,win,Brentford,4.0,6.4,draw,Man United,0.0,5.6,0.6666666666666666,1.6666666666666667,0.3333333333333333,0.6666666666666666,2.3333333333333335,2.3333333333333335,6.266666666666667,6.233333333333333,-0.033333333333333215,0.3333333333333333,1.0,0.3333333333333333,35,8,August,2022
Bruno Guimarães,Newcastle,Defensive Midfielder,25,2022/23,81,Hamstring injury,2022-08-25,2022-09-16,win,Nottm Forest,2.0,7.8,draw,Brighton,0.0,6.8,draw,Man City,0.0,5.8,draw,Wolves,0.0,lose,Liverpool,-1.0,draw,Crystal Palace,0.0,draw,Bournemouth,0.0,6.9,win,Fulham,3.0,7.6,win,Brentford,4.0,8.9,0.6666666666666666,1.6666666666666667,-0.3333333333333333,0.6666666666666666,2.3333333333333335,2.3333333333333335,6.8,7.8,1.0,1.0,1.0,1.0,22,8,August,2022
Bruno Guimarães,Newcastle,Defensive Midfielder,25,2022/23,81,Ankle injury,2023-02-01,2023-02-20,draw,Arsenal,0.0,6.4,win,Fulham,1.0,6.6,draw,Crystal Palace,0.0,6.5,draw,West Ham,0.0,draw,Bournemouth,0.0,lose,Liverpool,-2.0,lose,Man City,-2.0,6.4,win,Wolves,1.0,6.2,win,Nottm Forest,1.0,7.2,0.3333333333333333,1.6666666666666667,-0.6666666666666666,0.6666666666666666,0.0,2.0,6.5,6.6000000000000005,0.10000000000000053,1.0,1.0,1.0,19,2,February,2023
Nick Pope,Newcastle,Goalkeeper,31,2022/23,83,Hand injury,2023-05-23,2023-06-20,draw,Leeds,0.0,7.0,win,Brighton,3.0,6.1,draw,Leicester,0.0,6.5,draw,Chelsea,0.0,unknown,Unknown,,unknown,Unknown,,unknown,Unknown,,,unknown,Unknown,,,unknown,Unknown,,,1.0,1.6666666666666667,0.0,1.0,0.0,1.3333333333333333,6.533333333333334,6.933333333333333,0.3999999999999986,1.0,0.6666666666666667,1.0,28,5,May,2023
Anthony Gordon,Newcastle,Left winger,22,2022/23,77,Ankle injury,2023-03-10,2023-04-01,draw,Bournemouth,0.0,,lose,Liverpool,-2.0,,lose,Man City,-2.0,6.1,win,Wolves,1.0,win,Nottm Forest,1.0,unknown,Unknown,,win,Man United,2.0,,win,West Ham,4.0,,win,Brentford,1.0,,-1.3333333333333333,0.3333333333333333,1.0,3.0,2.3333333333333335,3.0,6.1,6.4,0.3000000000000007,-2.333333333333333,-2.6666666666666665,-2.333333333333333,22,3,March,2023
Jamaal Lascelles,Newcastle,Center Back,30,2023/24,76,unknown injury,2023-12-23,2024-01-01,lose,Tottenham,-3.0,4.9,lose,Fulham,-3.0,7.5,win,Luton Town,1.0,6.1,lose,Nottm Forest,-2.0,unknown,Unknown,,unknown,Unknown,,unknown,Unknown,,,unknown,Unknown,,,unknown,Unknown,,,-1.6666666666666667,1.0,-2.0,0.0,0.0,1.3333333333333333,6.166666666666667,6.283333333333333,0.11666666666666625,0.33333333333333326,1.0,0.33333333333333326,9,12,December,2023
Fabian Schär,Newcastle,Center Back,32,2023/24,82,Hamstring injury,2024-04-27,2024-05-15,win,Tottenham,4.0,7.8,lose,Crystal Palace,-2.0,5.8,win,Sheffield,4.0,5.9,win,Burnley,3.0,draw,Brighton,0.0,unknown,Unknown,,lose,Man United,-1.0,,win,Brentford,2.0,5.7,unknown,Unknown,,,2.0,2.0,1.5,2.0,0.5,1.5,6.5,5.7,-0.7999999999999998,0.5,0.0,0.5,18,4,April,2024
Joelinton,Newcastle,Central Midfielder,27,2023/24,82,Hamstring injury,2023-09-13,2023-10-15,lose,Man City,-1.0,6.0,lose,Liverpool,-1.0,6.8,lose,Brighton,-2.0,6.3,win,Brentford,1.0,win,Sheffield,8.0,draw,West Ham,0.0,win,Crystal Palace,4.0,6.5,draw,Wolves,0.0,6.8,win,Arsenal,1.0,7.8,-1.3333333333333333,0.0,3.0,2.3333333333333335,1.6666666666666667,2.3333333333333335,6.366666666666667,7.033333333333334,0.666666666666667,-4.333333333333333,-2.3333333333333335,-4.333333333333333,32,9,September,2023
Joelinton,Newcastle,Central Midfielder,27,2023/24,82,Hamstring injury,2023-12-16,2023-12-25,lose,Everton,-3.0,7.0,lose,Tottenham,-3.0,7.0,win,Fulham,3.0,5.6,lose,Luton Town,-1.0,unknown,Unknown,,unknown,Unknown,,lose,Nottm Forest,-2.0,,lose,Liverpool,-2.0,6.6,unknown,Unknown,,,-1.0,1.0,-1.0,0.0,-2.0,0.0,6.533333333333334,6.6,0.06666666666666554,0.0,1.0,0.0,9,12,December,2023
Joelinton,Newcastle,Central Midfielder,27,2023/24,82,Groin surgery,2024-01-06,2024-05-03,lose,Nottm Forest,-2.0,,lose,Liverpool,-2.0,6.6,unknown,Unknown,,,lose,Man City,-1.0,win,Aston Villa,2.0,draw,Luton Town,0.0,win,Burnley,3.0,,draw,Brighton,0.0,,lose,Man United,-1.0,,-2.0,0.0,0.3333333333333333,1.3333333333333333,0.6666666666666666,1.3333333333333333,6.6,6.577777777777778,-0.022222222222221255,-2.3333333333333335,-1.3333333333333333,-2.3333333333333335,118,1,January,2024
Sean Longstaff,Newcastle,Central Midfielder,26,2023/24,77,Ankle injury,2023-11-11,2023-12-08,draw,Wolves,0.0,6.5,win,Arsenal,1.0,6.5,lose,Bournemouth,-2.0,5.9,win,Chelsea,3.0,win,Man United,1.0,lose,Everton,-3.0,lose,Tottenham,-3.0,,win,Fulham,3.0,6.8,lose,Luton Town,-1.0,6.0,-0.3333333333333333,1.3333333333333333,0.3333333333333333,2.0,-0.3333333333333333,1.0,6.3,6.4,0.10000000000000053,-0.6666666666666666,-0.6666666666666667,-0.6666666666666666,27,11,November,2023
Miguel Almirón,Newcastle,Right winger,30,2023/24,79,Knee injury,2024-03-30,2024-05-03,win,Wolves,3.0,,lose,Chelsea,-1.0,6.3,win,West Ham,1.0,,draw,Everton,0.0,win,Fulham,1.0,win,Tottenham,4.0,win,Burnley,3.0,,draw,Brighton,0.0,,lose,Man United,-1.0,,1.0,2.0,1.6666666666666667,2.3333333333333335,0.6666666666666666,1.3333333333333333,6.3,6.2555555555555555,-0.04444444444444429,-0.6666666666666667,-0.3333333333333335,-0.6666666666666667,34,3,March,2024
Joe Willock,Newcastle,Central Midfielder,24,2023/24,78,Hamstring injury,2023-08-01,2023-10-23,unknown,Unknown,,,unknown,Unknown,,,unknown,Unknown,,,win,Aston Villa,4.0,lose,Man City,-1.0,lose,Liverpool,-1.0,draw,Wolves,0.0,,win,Arsenal,1.0,,lose,Bournemouth,-2.0,6.4,0.0,1.3333333333333333,0.6666666666666666,1.0,-0.3333333333333333,1.3333333333333333,6.144444444444445,6.4,0.25555555555555554,-0.6666666666666666,0.33333333333333326,-0.6666666666666666,83,8,August,2023
Joe Willock,Newcastle,Central Midfielder,24,2023/24,78,Achilles tendon problems,2023-11-24,2024-02-23,draw,Wolves,0.0,,win,Arsenal,1.0,,lose,Bournemouth,-2.0,6.4,win,Chelsea,3.0,win,Man United,1.0,lose,Everton,-3.0,lose,Arsenal,-3.0,,win,Wolves,3.0,6.4,lose,Chelsea,-1.0,6.6,-0.3333333333333333,1.3333333333333333,0.3333333333333333,2.0,-0.3333333333333333,1.0,6.4,6.5,0.09999999999999964,-0.6666666666666666,-0.6666666666666667,-0.6666666666666666,91,11,November,2023
Joe Willock,Newcastle,Central Midfielder,24,2023/24,78,Achilles tendon problems,2024-04-06,2024-05-20,win,West Ham,1.0,6.4,draw,Everton,0.0,,win,Fulham,1.0,6.0,win,Tottenham,4.0,lose,Crystal Palace,-2.0,win,Sheffield,4.0,unknown,Unknown,,,unknown,Unknown,,,unknown,Unknown,,,0.6666666666666666,2.3333333333333335,2.0,2.0,0.0,1.3333333333333333,6.2,6.375,0.17499999999999982,-1.3333333333333335,0.3333333333333335,-1.3333333333333335,44,4,April,2024
Elliot Anderson,Newcastle,Central Midfielder,18,2023/24,74,Back injury,2023-10-23,2024-02-25,win,Burnley,2.0,6.6,draw,West Ham,0.0,6.4,win,Crystal Palace,4.0,5.0,draw,Wolves,0.0,win,Arsenal,1.0,lose,Bournemouth,-2.0,unknown,Unknown,,,lose,Chelsea,-1.0,,win,West Ham,1.0,,2.0,2.3333333333333335,-0.3333333333333333,1.3333333333333333,0.0,1.5,6.0,6.4,0.40000000000000036,2.3333333333333335,1.0000000000000002,2.3333333333333335,125,10,October,2023
Callum Wilson,Newcastle,Center Forward,32,2023/24,82,Hamstring injury,2023-09-24,2023-10-07,lose,Brighton,-2.0,,win,Brentford,1.0,6.7,win,Sheffield,8.0,7.3,win,Burnley,2.0,unknown,Unknown,,unknown,Unknown,,unknown,Unknown,,,win,Crystal Palace,4.0,7.0,draw,Wolves,0.0,7.4,2.3333333333333335,2.0,2.0,3.0,2.0,2.0,7.0,7.2,0.20000000000000018,0.3333333333333335,-1.0,0.3333333333333335,13,9,September,2023
Callum Wilson,Newcastle,Center Forward,32,2023/24,82,Hamstring injury,2023-11-07,2023-12-08,win,Crystal Palace,4.0,7.0,draw,Wolves,4.0,7.4,win,Arsenal,1.0,5.7,lose,Bournemouth,-2.0,win,Chelsea,3.0,win,Man United,1.0,lose,Tottenham,-3.0,,win,Fulham,3.0,6.2,lose,Luton Town,-1.0,6.4,3.0,2.3333333333333335,0.6666666666666666,2.0,-0.3333333333333333,1.0,6.7,6.300000000000001,-0.39999999999999947,2.3333333333333335,0.3333333333333335,2.3333333333333335,31,11,November,2023
Callum Wilson,Newcastle,Center Forward,32,2023/24,82,Calf injury,2023-12-26,2024-02-01,win,Fulham,3.0,6.2,lose,Luton Town,-1.0,6.4,lose,Nottm Forest,-2.0,,lose,Liverpool,-2.0,lose,Man City,-1.0,win,Aston Villa,2.0,draw,Luton Town,0.0,,win,Nottm Forest,1.0,5.7,unknown,Unknown,,,0.0,1.0,-0.3333333333333333,1.0,0.5,2.0,6.300000000000001,5.7,-0.6000000000000005,0.3333333333333333,0.0,0.3333333333333333,37,12,December,2023
Callum Wilson,Newcastle,Center Forward,32,2023/24,82,Chest injury,2024-02-11,2024-04-15,draw,Luton Town,0.0,,win,Nottm Forest,1.0,5.7,unknown,Unknown,,,draw,Bournemouth,0.0,lose,Arsenal,-3.0,win,Wolves,3.0,lose,Crystal Palace,2.0,,win,Sheffield,4.0,,win,Burnley,3.0,7.1,0.5,2.0,0.0,1.3333333333333333,3.0,2.0,5.7,7.1,1.3999999999999995,0.5,0.6666666666666667,0.5,64,2,February,2024
Callum Wilson,Newcastle,Center Forward,32,2023/24,82,Ill,2024-05-06,2024-05-17,lose,Crystal Palace,2.0,,win,Sheffield,4.0,,win,Burnley,3.0,7.1,draw,Brighton,0.0,lose,Man United,-1.0,unknown,Unknown,,win,Brentford,2.0,,unknown,Unknown,,,unknown,Unknown,,,3.0,2.0,-0.5,0.5,2.0,3.0,7.1,6.396296296296296,-0.7037037037037033,3.5,1.5,3.5,11,5,May,2024
Dan Burn,Newcastle,Center Back,32,2023/24,78,Back injury,2023-11-04,2023-12-11,win,Crystal Palace,4.0,6.7,draw,Wolves,0.0,6.2,win,Arsenal,1.0,6.3,lose,Bournemouth,-2.0,win,Chelsea,3.0,win,Man United,1.0,win,Fulham,3.0,8.4,lose,Luton Town,-1.0,6.6,lose,Nottm Forest,-2.0,5.9,1.6666666666666667,2.3333333333333335,0.6666666666666666,2.0,0.0,1.0,6.3999999999999995,6.966666666666666,0.5666666666666664,1.0,0.3333333333333335,1.0,37,11,November,2023
Kieran Trippier,Newcastle,Right Back,33,2023/24,85,Groin injury,2023-12-26,2024-01-05,unknown,Unknown,,,lose,Luton Town,-1.0,6.8,lose,Nottm Forest,-2.0,7.0,lose,Liverpool,-2.0,unknown,Unknown,,unknown,Unknown,,lose,Man City,-1.0,6.5,win,Aston Villa,2.0,7.4,draw,Luton Town,0.0,7.7,-1.5,0.0,-2.0,0.0,0.3333333333333333,1.3333333333333333,6.9,7.2,0.2999999999999998,0.5,0.0,0.5,10,12,December,2023
Kieran Trippier,Newcastle,Right Back,33,2023/24,85,Calf injury,2024-03-02,2024-05-10,draw,Bournemouth,0.0,6.0,lose,Arsenal,-3.0,5.2,win,Wolves,3.0,6.2,lose,Chelsea,-1.0,win,West Ham,1.0,draw,Everton,0.0,unknown,Unknown,,,lose,Man United,-1.0,6.0,win,Brentford,2.0,,0.0,1.3333333333333333,0.0,1.3333333333333333,0.5,1.5,5.8,6.0,0.20000000000000018,0.0,0.0,0.0,69,3,March,2024
Sven Botman,Newcastle,Center Back,24,2023/24,83,Ankle injury,2023-08-27,2023-09-15,win,Aston Villa,4.0,7.4,lose,Man City,-1.0,6.7,lose,Liverpool,-1.0,6.4,lose,Brighton,-2.0,unknown,Unknown,,unknown,Unknown,,win,Brentford,1.0,7.1,win,Sheffield,8.0,8.5,unknown,Unknown,,,0.6666666666666666,1.0,-2.0,0.0,4.5,3.0,6.833333333333333,7.8,0.9666666666666668,2.6666666666666665,1.0,2.6666666666666665,19,8,August,2023
Sven Botman,Newcastle,Center Back,24,2023/24,83,Knee injury,2023-09-28,2023-12-15,win,Brentford,1.0,7.1,win,Sheffield,8.0,8.5,unknown,Unknown,,,win,Burnley,2.0,draw,West Ham,0.0,win,Crystal Palace,4.0,unknown,Unknown,,,lose,Luton Town,-1.0,,lose,Nottm Forest,-2.0,5.7,4.5,3.0,2.0,2.3333333333333335,-1.5,0.0,7.8,5.7,-2.0999999999999996,2.5,0.6666666666666665,2.5,78,9,September,2023
Sven Botman,Newcastle,Center Back,24,2023/24,83,Cruciate ligament surgery,2024-03-20,2024-12-02,lose,Arsenal,-3.0,4.3,win,Wolves,3.0,6.7,lose,Chelsea,-1.0,6.2,win,West Ham,1.0,draw,Everton,0.0,win,Fulham,1.0,unknown,Unknown,,,unknown,Unknown,,,unknown,Unknown,,,-0.3333333333333333,1.0,0.6666666666666666,2.3333333333333335,0.0,1.3333333333333333,5.733333333333333,6.75,1.0166666666666666,-1.0,-1.3333333333333335,-1.0,257,3,March,2024
Lewis Miley,Newcastle,Central Midfielder,18,2023/24,70,Fever,2023-10-16,2023-11-01,unknown,Unknown,,,unknown,Unknown,,,unknown,Unknown,,,win,Crystal Palace,4.0,draw,Wolves,0.0,unknown,Unknown,,lose,Bournemouth,-2.0,6.6,win,Chelsea,3.0,6.8,win,Man United,1.0,7.4,0.0,1.3333333333333333,2.0,2.0,0.6666666666666666,2.0,5.9,6.933333333333334,1.0333333333333332,-2.0,-0.6666666666666667,-2.0,16,10,October,2023
Lewis Miley,Newcastle,Central Midfielder,18,2023/24,70,ack injury,2024-03-25,2024-05-20,lose,Arsenal,-3.0,5.9,win,Wolves,3.0,,lose,Chelsea,-1.0,,win,West Ham,1.0,draw,Everton,0.0,win,Fulham,1.0,unknown,Unknown,,,unknown,Unknown,,,unknown,Unknown,,,-0.3333333333333333,1.0,0.6666666666666666,2.3333333333333335,0.0,1.3333333333333333,5.9,6.933333333333334,1.0333333333333332,-1.0,-1.3333333333333335,-1.0,56,3,March,2024
Anthony Gordon,Newcastle,Left winger,23,2023/24,80,Ankle injury,2024-05-15,2024-05-27,win,Burnley,3.0,7.0,draw,Brighton,0.0,7.0,lose,Man United,-1.0,8.4,win,Brentford,2.0,unknown,Unknown,,unknown,Unknown,,unknown,Unknown,,,unknown,Unknown,,,unknown,Unknown,,,0.6666666666666666,1.3333333333333333,2.0,3.0,0.0,1.3333333333333333,7.466666666666666,6.4,-1.0666666666666655,-1.3333333333333335,-1.6666666666666667,-1.3333333333333335,12,5,May,2024
Alexander Isak,Newcastle,Center Forward,24,2023/24,83,Groin injury,2023-10-25,2023-11-24,win,Burnley,2.0,6.9,draw,West Ham,0.0,8.7,win,Crystal Palace,4.0,,draw,Wolves,0.0,win,Arsenal,1.0,lose,Bournemouth,-2.0,win,Chelsea,3.0,6.6,win,Man United,1.0,6.7,lose,Everton,-3.0,5.4,2.0,2.3333333333333335,-0.3333333333333333,1.3333333333333333,0.3333333333333333,2.0,7.8,6.233333333333333,-1.5666666666666664,2.3333333333333335,1.0000000000000002,2.3333333333333335,30,10,October,2023
Alexander Isak,Newcastle,Center Forward,24,2023/24,83,Groin injury,2024-01-30,2024-02-23,lose,Nottm Forest,-2.0,7.8,lose,Man City,-1.0,7.1,win,Aston Villa,2.0,5.7,draw,Luton Town,0.0,win,Nottm Forest,1.0,draw,Bournemouth,0.0,win,Arsenal,-3.0,5.7,win,Wolves,3.0,6.9,lose,Chelsea,-1.0,7.1,-0.3333333333333333,1.0,0.3333333333333333,1.6666666666666667,-0.3333333333333333,2.0,6.866666666666667,6.566666666666666,-0.3000000000000007,-0.6666666666666666,-0.6666666666666667,-0.6666666666666666,24,1,January,2024
Tino Livramento,Newcastle,Right Back,21,2023/24,74,Ill,2024-01-12,2024-01-20,unknown,Unknown,,,lose,Nottm Forest,-2.0,,lose,Liverpool,-2.0,5.8,lose,Man City,-1.0,unknown,Unknown,,unknown,Unknown,,win,Aston Villa,2.0,,draw,Luton Town,0.0,,unknown,Unknown,,,-2.0,0.0,-1.0,0.0,1.0,2.0,5.8,6.8,1.0,-1.0,0.0,-1.0,8,1,January,2024
Tino Livramento,Newcastle,Right Back,21,2023/24,74,Ankle injury,2024-03-11,2024-04-12,win,Wolves,3.0,,lose,Chelsea,-1.0,5.9,win,West Ham,1.0,6.0,draw,Everton,0.0,win,Fulham,1.0,unknown,Unknown,,win,Tottenham,4.0,,win,Sheffield,4.0,7.1,win,Burnley,3.0,6.5,1.0,2.0,0.5,2.0,3.6666666666666665,3.0,5.95,6.8,0.8499999999999996,0.5,0.0,0.5,32,3,March,2024
Tino Livramento,Newcastle,Right Back,21,2023/24,74,Ankle injury,2024-05-14,2024-05-27,win,Sheffield,4.0,7.1,win,Burnley,3.0,6.5,draw,Brighton,0.0,6.9,lose,Man United,-1.0,win,Brentford,2.0,unknown,Unknown,,unknown,Unknown,,,unknown,Unknown,,,unknown,Unknown,,,2.3333333333333335,2.3333333333333335,0.5,1.5,0.0,1.3333333333333333,6.833333333333333,6.8,-0.033333333333333215,1.8333333333333335,0.8333333333333335,1.8333333333333335,13,5,May,2024
Harvey Barnes,Newcastle,Left winger,26,2023/24,80,Foot injury,2023-09-24,2024-02-01,lose,Brighton,-2.0,,win,Brentford,1.0,6.3,win,Sheffield,8.0,6.0,win,Burnley,2.0,draw,West Ham,0.0,win,Crystal Palace,4.0,draw,Luton Town,0.0,,win,Nottm Forest,1.0,,draw,Bournemouth,0.0,6.4,2.3333333333333335,2.0,2.0,2.3333333333333335,0.3333333333333333,1.6666666666666667,6.15,6.4,0.25,0.3333333333333335,-0.3333333333333335,0.3333333333333335,130,9,September,2023
Harvey Barnes,Newcastle,Left winger,26,2023/24,80,Hamstring injury,2024-03-02,2024-03-30,draw,Bournemouth,0.0,6.4,lose,Arsenal,-3.0,,win,Wolves,3.0,,lose,Chelsea,-1.0,unknown,Unknown,,unknown,Unknown,,win,West Ham,1.0,,draw,Everton,0.0,7.9,win,Fulham,1.0,,0.0,1.3333333333333333,-1.0,0.0,0.6666666666666666,2.3333333333333335,6.4,7.9,1.5,1.0,1.3333333333333333,1.0,28,3,March,2024
Fabian Schär,Newcastle,Center Back,32,2023/24,82,concussion,2023-02-27,2023-03-05,draw,West Ham,0.0,6.7,draw,Bournemouth,0.0,5.6,lose,Liverpool,-2.0,5.5,lose,Man City,-2.0,unknown,Unknown,,unknown,Unknown,,win,Wolves,1.0,6.6,win,Nottm Forest,1.0,6.4,win,Man United,2.0,6.9,-0.6666666666666666,0.6666666666666666,-2.0,0.0,1.3333333333333333,3.0,5.933333333333334,6.633333333333333,0.6999999999999993,1.3333333333333335,0.6666666666666666,1.3333333333333335,6,2,February,2023
Nick Pope,Newcastle,Goalkeeper,32,2023/24,84,Shoulder injury,2023-12-02,2024-05-02,lose,Bournemouth,-2.0,8.1,win,Chelsea,3.0,6.3,win,Man United,1.0,6.3,lose,Everton,-3.0,lose,Tottenham,-3.0,win,Fulham,3.0,win,Brentford,2.0,6.1,unknown,Unknown,,,unknown,Unknown,,,0.6666666666666666,2.0,-1.0,1.0,2.0,3.0,6.8999999999999995,6.1,-0.7999999999999998,1.6666666666666665,1.0,1.6666666666666665,152,12,December,2023
Bernd Leno,Arsenal,Goalkeeper,28,2019/20,83,Ligament stretching,2020-06-21,2020-08-27,win,West Ham,1.0,8.5,lose,Man City,-3.0,7.5,lose,Brighton,-1.0,6.5,win,Southampton,2.0,win,Norwich City,4.0,win,Wolves,2.0,unknown,Unknown,,,unknown,Unknown,,,unknown,Unknown,,,-1.0,1.0,2.6666666666666665,3.0,0.0,1.3333333333333333,7.5,6.4,-1.0999999999999996,-3.6666666666666665,-2.0,-3.6666666666666665,67,6,June,2020
Sead Kolasinac,Arsenal,Center Back,27,2019/20,80,Hamstring injury,2019-11-17,2019-11-30,draw,Crystal Palace,0.0,,draw,Wolves,0.0,,lose,Leicester,-2.0,6.8,draw,Southampton,0.0,unknown,Unknown,,unknown,Unknown,,draw,Norwich City,0.0,6.1,lose,Brighton,-1.0,6.2,win,West Ham,2.0,7.2,-0.6666666666666666,0.6666666666666666,0.0,1.0,0.3333333333333333,1.3333333333333333,6.8,6.5,-0.2999999999999998,-0.6666666666666666,-0.33333333333333337,-0.6666666666666666,13,11,November,2019
Sead Kolasinac,Arsenal,Center Back,27,2019/20,80,Arm injury,2020-02-24,2020-06-15,win,Everton,1.0,5.7,unknown,Unknown,,,unknown,Unknown,,,win,West Ham,1.0,unknown,Unknown,,unknown,Unknown,,lose,Brighton,-1.0,6.6,win,Southampton,2.0,6.5,win,Norwich City,4.0,7.0,1.0,3.0,1.0,3.0,1.6666666666666667,2.0,5.7,6.7,1.0,0.0,0.0,0.0,112,2,February,2020
Sead Kolasinac,Arsenal,Center Back,27,2019/20,80,Muscle strain,2020-01-15,2020-02-15,win,Man United,2.0,5.9,draw,Crystal Palace,0.0,6.7,unknown,Unknown,,,draw,Sheffield,0.0,draw,Chelsea,0.0,draw,Burnley,0.0,win,Everton,1.0,5.7,unknown,Unknown,,,unknown,Unknown,,,1.0,2.0,0.0,1.0,1.0,3.0,6.300000000000001,5.7,-0.6000000000000005,1.0,1.0,1.0,31,1,January,2020
Sead Kolasinac,Arsenal,Center Back,27,2019/20,90,Ankle injury,2019-12-16,2019-12-30,lose,Brighton,-1.0,6.2,win,West Ham,2.0,7.2,lose,Man City,-3.0,5.4,draw,Everton,0.0,draw,Bournemouth,0.0,lose,Chelsea,-1.0,win,Man United,2.0,5.9,draw,Crystal Palace,0.0,6.7,unknown,Unknown,,,-0.6666666666666666,1.0,-0.3333333333333333,0.6666666666666666,1.0,2.0,6.266666666666667,6.300000000000001,0.0333333333333341,-0.3333333333333333,0.33333333333333337,-0.3333333333333333,14,12,December,2019
Sokratis Papastathopoulos,Arsenal,Center Back,32,2019/20,83,concussion,2019-12-27,2019-12-30,win,West Ham,2.0,6.6,lose,Man City,-3.0,5.7,draw,Bournemouth,0.0,6.8,lose,Chelsea,-1.0,unknown,Unknown,,unknown,Unknown,,win,Man United,2.0,7.6,draw,Crystal Palace,0.0,6.5,unknown,Unknown,,,-0.3333333333333333,1.3333333333333333,-1.0,0.0,1.0,2.0,6.366666666666667,7.05,0.6833333333333327,0.6666666666666667,1.3333333333333333,0.6666666666666667,3,12,December,2019
Calum Chambers,Arsenal,Center Back,25,2019/20,75,Cruciate ligament tear,2019-12-29,2020-11-08,lose,Man City,-3.0,5.1,draw,Everton,0.0,8.7,lose,Chelsea,-1.0,7.4,win,Man United,2.0,draw,Crystal Palace,0.0,draw,Sheffield,0.0,unknown,Unknown,,,unknown,Unknown,,,unknown,Unknown,,,-1.3333333333333333,0.3333333333333333,0.6666666666666666,1.6666666666666667,0.0,1.3333333333333333,7.066666666666666,6.4,-0.6666666666666661,-2.0,-1.3333333333333335,-2.0,315,12,December,2019
Shkodran Mustafi,Arsenal,Center Back,28,2019/20,81,Muscle strain,2020-02-29,2020-03-15,draw,Burnley,0.0,7.4,win,Newcastle,4.0,7.4,win,Everton,1.0,6.8,win,West Ham,1.0,unknown,Unknown,,unknown,Unknown,,lose,Man City,-3.0,5.4,lose,Brighton,-1.0,6.4,win,Southampton,2.0,6.1,1.6666666666666667,2.3333333333333335,1.0,3.0,-0.6666666666666666,1.0,7.2,5.966666666666666,-1.2333333333333343,0.6666666666666667,-0.6666666666666665,0.6666666666666667,15,2,February,2020
Kieran Tierney,Arsenal,Left Back,23,2019/20,75,Shoulder injury,2019-12-09,2020-03-14,draw,Southampton,0.0,6.1,lose,Brighton,-1.0,5.6,win,West Ham,2.0,6.3,lose,Man City,-2.0,draw,Everton,0.0,draw,Bournemouth,0.0,lose,Man City,-3.0,5.9,unknown,Unknown,,,win,Southampton,2.0,6.6,0.3333333333333333,1.3333333333333333,-0.6666666666666666,0.6666666666666666,-0.5,1.5,6.0,6.25,0.25,1.0,0.6666666666666666,1.0,96,12,December,2019
Kieran Tierney,Arsenal,Left Back,23,2019/20,75,Groin injury,2020-09-13,2020-09-27,win,Fulham,3.0,7.1,unknown,Unknown,,,unknown,Unknown,,,win,West Ham,1.0,unknown,Unknown,,unknown,Unknown,,lose,Liverpool,-2.0,6.1,win,Sheffield,1.0,7.1,lose,Man City,-1.0,6.3,3.0,3.0,1.0,3.0,-0.6666666666666666,1.0,7.1,6.5,-0.5999999999999996,2.0,0.0,2.0,14,9,September,2020
Kieran Tierney,Arsenal,Left Back,23,2019/20,75,Knee injury,2021-01-19,2021-02-16,win,Brighton,1.0,6.3,win,West Brom,4.0,9.2,win,Newcastle,2.0,8.0,win,Southampton,2.0,draw,Man United,0.0,lose,Wolves,-1.0,lose,Man City,-1.0,6.6,win,Leicester,2.0,6.4,draw,Burnley,0.0,6.5,2.3333333333333335,3.0,0.3333333333333333,1.3333333333333333,0.3333333333333333,1.3333333333333333,7.833333333333333,6.5,-1.333333333333333,2.0,1.6666666666666667,2.0,28,1,January,2021
Kieran Tierney,Arsenal,Left Back,23,2019/20,75,Knee injury,2021-04-03,2021-05-05,win,Tottenham,1.0,7.1,draw,West Ham,0.0,6.1,lose,Liverpool,-3.0,6.9,win,Sheffield,3.0,draw,Fulham,0.0,lose,Everton,-1.0,win,West Brom,2.0,,win,Chelsea,1.0,6.0,win,Crystal Palace,2.0,6.8,-0.6666666666666666,1.3333333333333333,0.6666666666666666,1.3333333333333333,1.6666666666666667,3.0,6.7,6.4,-0.2999999999999998,-1.3333333333333333,0.0,-1.3333333333333333,32,4,April,2021
Héctor Bellerín,Arsenal,Right Back,25,2019/20,81,Hamstring injury,2019-12-06,2020-01-14,lose,Leicester,-2.0,6.0,draw,Southampton,0.0,6.3,lose,Brighton,-1.0,5.9,win,West Ham,2.0,lose,Man City,-3.0,draw,Everton,0.0,draw,Chelsea,0.0,7.3,draw,Burnley,0.0,7.0,win,Newcastle,4.0,6.8,-1.0,0.3333333333333333,-0.3333333333333333,1.3333333333333333,1.3333333333333333,1.6666666666666667,6.066666666666666,7.033333333333334,0.9666666666666677,-0.6666666666666667,-1.0,-0.6666666666666667,39,12,December,2019
Cédric Soares,Arsenal,Right Back,28,2019/20,77,Broken Nose and Knee Injury,2020-01-21,2020-06-26,unknown,Unknown,,,unknown,Unknown,,,unknown,Unknown,,,draw,Burnley,0.0,win,Newcastle,4.0,win,Everton,1.0,win,Norwich City,4.0,,win,Wolves,2.0,6.1,unknown,Unknown,,,0.0,1.3333333333333333,1.6666666666666667,2.3333333333333335,3.0,3.0,6.366666666666667,6.1,-0.2666666666666675,-1.6666666666666667,-1.0000000000000002,-1.6666666666666667,157,1,January,2020
Lucas Torreira,Arsenal,Defensive Midfielder,24,2019/20,83,Ankle injury,2020-03-03,2020-07-03,draw,Burnley,0.0,6.2,unknown,Unknown,,,unknown,Unknown,,,win,West Ham,1.0,lose,Man City,-3.0,lose,Brighton,-1.0,win,Wolves,2.0,,unknown,Unknown,,,win,Liverpool,1.0,6.0,0.0,1.0,-1.0,1.0,1.5,3.0,6.2,6.0,-0.20000000000000018,1.0,0.0,1.0,122,3,March,2020
Granit Xhaka,Arsenal,Defensive Midfielder,27,2019/20,83,Back injury,2019-08-12,2019-08-23,win,Newcastle,1.0,7.1,unknown,Unknown,,,unknown,Unknown,,,win,Burnley,1.0,unknown,Unknown,,unknown,Unknown,,lose,Liverpool,-2.0,7.0,draw,Tottenham,0.0,6.2,draw,Watford,0.0,6.9,1.0,3.0,1.0,3.0,-0.6666666666666666,0.6666666666666666,7.1,6.7,-0.39999999999999947,0.0,0.0,0.0,11,8,August,2019
Granit Xhaka,Arsenal,Defensive Midfielder,27,2019/20,83,concussion,2019-12-09,2019-12-17,draw,Norwich City,0.0,6.9,lose,Brighton,-1.0,6.1,win,West Ham,2.0,6.3,lose,Man City,-3.0,unknown,Unknown,,unknown,Unknown,,draw,Everton,0.0,6.9,draw,Bournemouth,0.0,7.3,win,Man United,2.0,7.1,0.3333333333333333,1.3333333333333333,-3.0,0.0,0.6666666666666666,1.6666666666666667,6.433333333333334,7.1000000000000005,0.666666666666667,3.3333333333333335,1.3333333333333333,3.3333333333333335,8,12,December,2019
Granit Xhaka,Arsenal,Defensive Midfielder,27,2019/20,83,Ankle injury,2020-06-18,2020-06-24,win,Everton,1.0,7.0,win,West Ham,1.0,6.7,lose,Man City,-3.0,6.0,lose,Brighton,-1.0,unknown,Unknown,,unknown,Unknown,,win,Southampton,2.0,6.2,win,Norwich City,4.0,7.5,win,Wolves,2.0,6.9,-0.3333333333333333,2.0,-1.0,0.0,2.6666666666666665,3.0,6.566666666666666,6.866666666666667,0.3000000000000007,0.6666666666666667,2.0,0.6666666666666667,6,6,June,2020
Mattéo Guendouzi,Arsenal,Central Midfielder,21,2019/20,74,Fitness,2020-06-25,2020-10-07,unknown,Unknown,,,lose,Man City,-3.0,6.2,lose,Brighton,-1.0,6.4,win,Southampton,2.0,win,Norwich City,4.0,win,Wolves,2.0,unknown,Unknown,,,unknown,Unknown,,,unknown,Unknown,,,-2.0,0.0,2.6666666666666665,3.0,0.0,1.3333333333333333,6.300000000000001,6.4,0.09999999999999964,-4.666666666666666,-3.0,-4.666666666666666,104,6,June,2020
Dani Ceballos,Arsenal,Central Midfielder,23,2019/20,80,Torn muscle bundle,2019-11-07,2019-12-31,lose,Sheffield,-1.0,6.5,draw,Crystal Palace,0.0,6.4,draw,Wolves,0.0,6.9,lose,Leicester,-2.0,draw,Southampton,0.0,draw,Norwich City,0.0,unknown,Unknown,,,unknown,Unknown,,,unknown,Unknown,,,-0.3333333333333333,0.6666666666666666,-0.6666666666666666,0.6666666666666666,0.0,1.3333333333333333,6.6000000000000005,6.9,0.2999999999999998,0.3333333333333333,0.0,0.3333333333333333,54,11,November,2019
Mesut Özil,Arsenal,Attacking Midfielder,31,2019/20,85,Ankle injury,2019-12-16,2019-12-26,lose,Brighton,-2.0,6.8,win,West Ham,2.0,6.7,lose,Man City,-3.0,5.9,draw,Everton,0.0,unknown,Unknown,,unknown,Unknown,,draw,Bournemouth,0.0,6.3,lose,Chelsea,-1.0,5.9,win,Man United,2.0,6.0,-1.0,1.0,0.0,1.0,0.3333333333333333,1.3333333333333333,6.466666666666666,6.066666666666666,-0.39999999999999947,-1.0,0.0,-1.0,10,12,December,2019
Gabriel Martinelli,Arsenal,Left winger,19,2019/20,72,Hamstring injury,2019-12-23,2020-01-06,win,West Ham,2.0,7.2,lose,Man City,-3.0,6.7,draw,Everton,0.0,5.8,draw,Bournemouth,0.0,lose,Chelsea,-1.0,win,Man United,2.0,draw,Crystal Palace,0.0,5.7,draw,Sheffield,0.0,6.4,draw,Chelsea,0.0,6.9,-0.3333333333333333,1.3333333333333333,0.3333333333333333,1.3333333333333333,0.0,1.0,6.566666666666666,6.333333333333333,-0.2333333333333334,-0.6666666666666666,0.0,-0.6666666666666666,14,12,December,2019
Nicolas Pépé,Arsenal,Right winger,25,2019/20,81,Muscle fatigue,2020-07-02,2020-07-06,lose,Brighton,-1.0,7.1,win,Southampton,2.0,5.8,unknown,Unknown,,,win,Wolves,2.0,unknown,Unknown,,unknown,Unknown,,lose,Tottenham,-1.0,6.6,win,Liverpool,1.0,5.1,lose,Aston Villa,-1.0,6.3,0.5,1.5,2.0,3.0,-0.3333333333333333,1.0,6.449999999999999,6.0,-0.4499999999999993,-1.5,-1.5,-1.5,4,7,July,2020
Reiss Nelson,Arsenal,Right winger,20,2019/20,73,Hamstring injury,2020-01-09,2020-02-24,lose,Chelsea,-1.0,5.7,win,Man United,2.0,5.8,draw,Crystal Palace,0.0,,draw,Sheffield,0.0,draw,Chelsea,0.0,draw,Burnley,0.0,win,West Ham,1.0,6.1,lose,Man City,-3.0,5.9,unknown,Unknown,,,0.3333333333333333,1.3333333333333333,0.0,1.0,-1.0,1.5,5.75,6.0,0.25,0.3333333333333333,0.33333333333333326,0.3333333333333333,46,1,January,2020
Alexandre Lacazette,Arsenal,Center Forward,29,2019/20,85,Ankle injury,2019-09-02,2019-10-20,win,Burnley,1.0,7.1,unknown,Unknown,,,draw,Tottenham,0.0,7.8,draw,Watford,0.0,win,Aston Villa,1.0,draw,Man United,0.0,lose,Sheffield,-1.0,5.7,draw,Crystal Palace,0.0,6.7,draw,Wolves,0.0,7.1,0.5,2.0,0.3333333333333333,1.6666666666666667,-0.3333333333333333,0.6666666666666666,7.449999999999999,6.5,-0.9499999999999993,0.16666666666666669,0.33333333333333326,0.16666666666666669,48,9,September,2019
Shkodran Mustafi,Arsenal,Center Back,29,2020/21,80,Muscle injury,2020-07-19,2020-10-24,win,Wolves,2.0,6.3,draw,Leicester,0.0,6.6,lose,Tottenham,-1.0,6.9,lose,Aston Villa,-1.0,win,Watford,1.0,win,Fulham,3.0,lose,Leicester,-1.0,7.0,unknown,Unknown,,,unknown,Unknown,,,0.3333333333333333,1.3333333333333333,1.0,2.0,-1.0,0.0,6.6000000000000005,7.0,0.39999999999999947,-0.6666666666666667,-0.6666666666666667,-0.6666666666666667,97,7,July,2020
David Luiz,Arsenal,Center Back,33,2020/21,82,Hamstring injury,2020-10-26,2020-11-03,win,Sheffield,1.0,6.7,lose,Man City,-1.0,6.6,lose,Leicester,-1.0,6.8,win,Man United,1.0,unknown,Unknown,,unknown,Unknown,,lose,Wolves,-1.0,5.3,unknown,Unknown,,,unknown,Unknown,,,-0.3333333333333333,1.0,1.0,3.0,-1.0,0.0,6.7,5.3,-1.4000000000000004,-1.3333333333333333,-2.0,-1.3333333333333333,8,10,October,2020
David Luiz,Arsenal,Center Back,33,2020/21,82,Neck injury,2020-09-11,2020-09-18,unknown,Unknown,,,unknown,Unknown,,,unknown,Unknown,,,win,Fulham,3.0,unknown,Unknown,,unknown,Unknown,,unknown,Unknown,,,lose,Liverpool,-2.0,5.2,win,Sheffield,1.0,6.7,0.0,1.3333333333333333,3.0,3.0,-0.5,1.5,6.116666666666667,5.95,-0.16666666666666696,-3.0,-1.6666666666666667,-3.0,7,9,September,2020
David Luiz,Arsenal,Center Back,33,2020/21,82,Ill,2020-12-25,2021-01-01,draw,Southampton,0.0,6.2,lose,Everton,-1.0,6.5,unknown,Unknown,,,win,Chelsea,2.0,win,Brighton,1.0,unknown,Unknown,,draw,Crystal Palace,0.0,6.5,win,Newcastle,3.0,7.0,win,Southampton,2.0,7.0,-0.5,0.5,1.5,3.0,1.6666666666666667,2.3333333333333335,6.35,6.833333333333333,0.4833333333333334,-2.0,-2.5,-2.0,7,12,December,2020
David Luiz,Arsenal,Center Back,33,2020/21,82,Head injury,2020-12-25,2021-01-01,lose,Wolves,-1.0,5.3,unknown,Unknown,,,unknown,Unknown,,,lose,Tottenham,-2.0,lose,Burnley,-1.0,unknown,Unknown,,draw,Southampton,0.0,6.2,lose,Everton,-1.0,6.5,unknown,Unknown,,,-1.0,0.0,-1.5,0.0,-0.5,0.5,5.3,6.35,1.0499999999999998,0.5,0.0,0.5,7,12,December,2020
Rob Holding,Arsenal,Center Back,25,2020/21,74,Hamstring injury,2020-10-16,2020-12-15,win,Fulham,3.0,7.3,win,West Ham,1.0,7.0,lose,Liverpool,-2.0,5.7,lose,Man City,-1.0,lose,Leicester,-1.0,unknown,Unknown,,win,Man United,1.0,6.9,lose,Aston Villa,-3.0,6.4,draw,Leeds,0.0,6.4,0.6666666666666666,2.0,-1.0,0.0,-0.6666666666666666,1.3333333333333333,6.666666666666667,6.566666666666667,-0.09999999999999964,1.6666666666666665,2.0,1.6666666666666665,60,10,October,2020
Pablo Marí,Arsenal,Center Back,27,2020/21,75,Ankle injury,2020-06-15,2020-12-03,win,West Ham,1.0,7.1,lose,Man City,-3.0,5.8,unknown,Unknown,,,lose,Brighton,-1.0,win,Southampton,2.0,win,Norwich City,4.0,unknown,Unknown,,,unknown,Unknown,,,unknown,Unknown,,,-1.0,1.5,1.6666666666666667,2.0,0.0,1.3333333333333333,6.449999999999999,6.333333333333333,-0.11666666666666625,-2.666666666666667,-0.5,-2.666666666666667,171,6,June,2020
Pablo Marí,Arsenal,Center Back,27,2020/21,75,Calf injury,2021-01-14,2021-02-08,win,Chelsea,2.0,5.6,win,Brighton,1.0,7.0,win,West Brom,4.0,7.4,draw,Crystal Palace,0.0,win,Newcastle,3.0,win,Southampton,2.0,lose,Man City,-1.0,6.1,win,Leicester,2.0,6.1,draw,Burnley,0.0,6.8,2.3333333333333335,3.0,1.6666666666666667,2.3333333333333335,0.3333333333333333,1.3333333333333333,6.666666666666667,6.333333333333333,-0.3333333333333339,0.6666666666666667,0.6666666666666665,0.6666666666666667,25,1,January,2021
Granit Xhaka,Arsenal,Defensive Midfielder,28,2020/21,83,Ill,2021-04-01,2021-04-04,draw,Burnley,0.0,5.9,win,Tottenham,1.0,7.5,draw,West Ham,0.0,6.7,lose,Liverpool,-3.0,unknown,Unknown,,unknown,Unknown,,win,Sheffield,3.0,6.8,lose,Fulham,0.0,7.6,lose,Everton,-1.0,7.3,0.3333333333333333,1.6666666666666667,-3.0,0.0,0.6666666666666666,1.0,6.7,7.233333333333333,0.5333333333333332,3.3333333333333335,1.6666666666666667,3.3333333333333335,3,4,April,2021
Granit Xhaka,Arsenal,Defensive Midfielder,28,2020/21,83,Groin injury,2021-05-06,2021-05-16,draw,Fulham,0.0,7.6,lose,Everton,-1.0,7.3,win,Newcastle,2.0,7.8,win,West Brom,2.0,win,Chelsea,1.0,unknown,Unknown,,win,Crystal Palace,2.0,,win,Brighton,2.0,7.6,unknown,Unknown,,,0.3333333333333333,1.3333333333333333,1.5,3.0,2.0,3.0,7.566666666666666,7.6,0.033333333333333215,-1.1666666666666667,-1.6666666666666667,-1.1666666666666667,10,5,May,2021
Dani Ceballos,Arsenal,Central Midfielder,24,2020/21,80,Calf injury,2021-01-15,2021-02-01,win,Brighton,1.0,,win,West Brom,4.0,8.4,draw,Crystal Palace,0.0,7.2,win,Newcastle,3.0,win,Southampton,2.0,draw,Man United,0.0,win,Leeds,2.0,6.9,unknown,Unknown,,,unknown,Unknown,,,1.6666666666666667,2.3333333333333335,1.6666666666666667,2.3333333333333335,2.0,3.0,7.800000000000001,6.9,-0.9000000000000004,0.0,0.0,0.0,17,1,January,2021
Gabriel Martinelli,Arsenal,Left winger,20,2020/21,72,Ankle injury,2021-01-09,2021-01-17,lose,Everton,-1.0,,win,Chelsea,2.0,5.7,win,Brighton,1.0,5.5,draw,Crystal Palace,0.0,unknown,Unknown,,unknown,Unknown,,win,Newcastle,3.0,,draw,Man United,0.0,6.1,unknown,Unknown,,,0.6666666666666666,2.0,0.0,1.0,1.5,2.0,5.6,6.1,0.5,0.6666666666666666,1.0,0.6666666666666666,8,1,January,2021
Bukayo Saka,Arsenal,Right winger,19,2020/21,72,Hip problems,2021-01-28,2021-01-31,lose,Crystal Palace,0.0,7.0,win,Newcastle,3.0,8.3,win,Southampton,2.0,7.9,draw,Man United,0.0,unknown,Unknown,,unknown,Unknown,,lose,Wolves,-1.0,6.5,lose,Aston Villa,-1.0,7.5,win,Leeds,2.0,6.5,1.6666666666666667,2.0,0.0,1.0,0.0,1.0,7.733333333333334,6.833333333333333,-0.9000000000000012,1.6666666666666667,1.0,1.6666666666666667,3,1,January,2021
Pierre-Emerick Aubameyang,Arsenal,Center Forward,32,2020/21,87,Calf injury,2020-12-17,2020-12-28,lose,Tottenham,-2.0,5.4,lose,Burnley,-1.0,6.1,draw,Southampton,0.0,6.9,lose,Everton,-1.0,unknown,Unknown,,unknown,Unknown,,win,Brighton,1.0,6.2,win,West Brom,4.0,6.3,draw,Crystal Palace,0.0,6.7,-1.0,0.3333333333333333,-1.0,0.0,1.6666666666666667,2.3333333333333335,6.133333333333333,6.3999999999999995,0.2666666666666666,0.0,0.3333333333333333,0.0,11,12,December,2020
Pierre-Emerick Aubameyang,Arsenal,Center Forward,32,2020/21,87,Knock,2021-01-18,2021-02-01,win,West Brom,4.0,6.3,draw,Crystal Palace,0.0,6.7,win,Newcastle,3.0,8.0,win,Southampton,2.0,draw,Man United,0.0,unknown,Unknown,,lose,Wolves,-1.0,,lose,Aston Villa,-1.0,,win,Leeds,2.0,9.0,2.3333333333333335,2.3333333333333335,1.0,2.0,0.0,1.0,7.0,9.0,2.0,1.3333333333333335,0.3333333333333335,1.3333333333333335,14,1,January,2021
Pierre-Emerick Aubameyang,Arsenal,Center Forward,32,2020/21,87,malaria,2021-04-08,2021-04-26,draw,Burnley,0.0,6.8,draw,West Ham,0.0,6.0,draw,Liverpool,-3.0,5.9,win,Sheffield,3.0,draw,Fulham,0.0,lose,Everton,-1.0,win,Newcastle,2.0,7.0,win,Chelsea,1.0,6.5,win,Crystal Palace,2.0,5.7,-1.0,1.0,0.6666666666666666,1.3333333333333333,1.6666666666666667,3.0,6.233333333333333,6.3999999999999995,0.16666666666666607,-1.6666666666666665,-0.33333333333333326,-1.6666666666666665,18,4,April,2021
Alexandre Lacazette,Arsenal,Center Forward,29,2020/21,84,Dead leg,2021-04-18,2021-05-06,lose,Liverpool,-3.0,5.7,win,Sheffield,3.0,8.8,lose,Fulham,0.0,6.2,lose,Everton,-1.0,win,Newcastle,2.0,unknown,Unknown,,win,West Brom,2.0,,win,Chelsea,1.0,,win,Brighton,2.0,,0.0,1.0,0.5,1.5,1.6666666666666667,3.0,6.8999999999999995,6.5,-0.39999999999999947,-0.5,-0.5,-0.5,18,4,April,2021
Gabriel Magalhães,Arsenal,Center Back,23,2020/21,80,Coronavirus,2020-12-26,2021-01-13,lose,Tottenham,-2.0,7.0,lose,Burnley,-1.0,6.3,draw,Southampton,0.0,6.2,lose,Chelsea,-1.0,win,Brighton,2.0,win,West Brom,1.0,lose,Wolves,-1.0,,unknown,Unknown,,,unknown,Unknown,,,-1.0,0.3333333333333333,0.6666666666666666,2.0,-1.0,0.0,6.5,7.133333333333333,0.6333333333333329,-1.6666666666666665,-1.6666666666666667,-1.6666666666666665,18,12,December,2020
Thomas Partey,Arsenal,Defensive Midfielder,28,2020/21,84,Muscle injury,2020-11-09,2020-12-03,lose,Leicester,-1.0,6.4,win,Man United,1.0,8.1,lose,Aston Villa,-3.0,6.3,draw,Leeds,0.0,lose,Wolves,-1.0,unknown,Unknown,,lose,Tottenham,-2.0,6.3,unknown,Unknown,,,unknown,Unknown,,,-1.0,1.0,-0.5,0.5,-2.0,0.0,6.933333333333334,6.3,-0.6333333333333337,-0.5,0.5,-0.5,24,11,November,2020
Thomas Partey,Arsenal,Defensive Midfielder,28,2020/21,84,Hip injury,2020-12-03,2021-01-11,lose,Tottenham,-2.0,6.3,unknown,Unknown,,,unknown,Unknown,,,lose,Burnley,-1.0,draw,Southampton,0.0,lose,Everton,-1.0,draw,Crystal Palace,0.0,,win,Newcastle,3.0,7.3,win,Southampton,2.0,,-2.0,0.0,-0.6666666666666666,0.3333333333333333,1.6666666666666667,2.3333333333333335,6.3,7.3,1.0,-1.3333333333333335,-0.3333333333333333,-1.3333333333333335,39,12,December,2020
Thomas Partey,Arsenal,Defensive Midfielder,28,2020/21,84,Hamstring injury,2021-02-04,2021-02-22,draw,Man United,0.0,6.5,lose,Wolves,-1.0,6.7,lose,Aston Villa,-1.0,6.3,win,Leeds,2.0,lose,Man City,-1.0,unknown,Unknown,,win,Leicester,2.0,,draw,Burnley,0.0,6.4,win,Tottenham,1.0,6.7,-0.6666666666666666,0.3333333333333333,0.5,1.5,1.0,2.3333333333333335,6.5,6.550000000000001,0.05000000000000071,-1.1666666666666665,-1.1666666666666667,-1.1666666666666665,18,2,February,2021
Mohamed Elneny,Arsenal,Defensive Midfielder,28,2020/21,76,Virus,2020-11-16,2020-11-28,win,Man United,1.0,6.9,lose,Aston Villa,-3.0,6.3,unknown,Unknown,,,draw,Leeds,0.0,unknown,Unknown,,unknown,Unknown,,lose,Burnley,-1.0,6.5,draw,Southampton,0.0,6.3,lose,Everton,-1.0,6.2,-1.0,1.5,0.0,1.0,-0.6666666666666666,0.3333333333333333,6.6,6.333333333333333,-0.2666666666666666,-1.0,0.5,-1.0,12,11,November,2020
Martin Ødegaard,Arsenal,Attacking Midfielder,22,2020/21,75,Ankle injury,2021-04-05,2021-04-20,win,Tottenham,1.0,7.7,draw,West Ham,0.0,7.8,lose,Liverpool,-3.0,5.8,win,Sheffield,3.0,draw,Fulham,0.0,unknown,Unknown,,lose,Everton,-1.0,,win,Newcastle,2.0,6.4,win,Chelsea,1.0,6.3,-0.6666666666666666,1.3333333333333333,1.5,2.0,0.6666666666666666,2.0,7.1000000000000005,6.35,-0.7500000000000009,-2.1666666666666665,-0.6666666666666667,-2.1666666666666665,15,4,April,2021
Willian,Arsenal,Left winger,32,2020/21,85,Calf injury,2020-11-23,2020-11-28,lose,Liverpool,-2.0,5.8,win,Sheffield,1.0,6.1,lose,Man City,-1.0,5.8,lose,Leicester,-1.0,unknown,Unknown,,unknown,Unknown,,win,Man United,1.0,6.1,lose,Aston Villa,-3.0,6.3,draw,Leeds,0.0,6.1,-0.6666666666666666,1.0,-1.0,0.0,-0.6666666666666666,1.3333333333333333,5.8999999999999995,6.166666666666667,0.2666666666666675,0.33333333333333337,1.0,0.33333333333333337,5,11,November,2020
Willian,Arsenal,Left winger,32,2020/21,85,Ill,2020-12-25,2021-01-01,lose,Tottenham,-2.0,7.0,lose,Burnley,-1.0,7.4,lose,Everton,-1.0,6.3,win,Chelsea,2.0,win,Brighton,1.0,unknown,Unknown,,win,West Brom,4.0,,win,Newcastle,3.0,6.2,win,Southampton,2.0,6.1,-1.3333333333333333,0.0,1.5,3.0,3.0,3.0,6.8999999999999995,6.15,-0.7499999999999991,-2.833333333333333,-3.0,-2.833333333333333,7,12,December,2020
Kieran Tierney,Arsenal,Left Back,25,2021/22,79,Ankle problems,2021-10-21,2021-11-06,draw,Tottenham,0.0,6.7,draw,Brighton,0.0,5.9,win,Crystal Palace,2.0,6.4,win,Aston Villa,2.0,win,Leicester,2.0,unknown,Unknown,,unknown,Unknown,,,unknown,Unknown,,,unknown,Unknown,,,0.6666666666666666,1.6666666666666667,2.0,3.0,0.0,1.3333333333333333,6.333333333333333,6.4125,0.07916666666666661,-1.3333333333333335,-1.3333333333333333,-1.3333333333333335,16,10,October,2021
Kieran Tierney,Arsenal,Left Back,25,2021/22,79,Knee surgery,2022-03-31,2022-07-07,win,Leicester,2.0,6.6,lose,Liverpool,-2.0,6.0,win,Aston Villa,1.0,6.7,lose,Crystal Palace,-3.0,lose,Brighton,-1.0,lose,Southampton,-1.0,unknown,Unknown,,,unknown,Unknown,,,unknown,Unknown,,,0.3333333333333333,2.0,-1.6666666666666667,0.0,0.0,1.3333333333333333,6.433333333333334,6.4125,-0.020833333333333925,2.0,2.0,2.0,98,3,March,2022
Granit Xhaka,Arsenal,Defensive Midfielder,29,2021/22,83,Inner ligament injury,2021-09-27,2021-12-05,win,Tottenham,2.0,7.1,unknown,Unknown,,,unknown,Unknown,,,draw,Brighton,0.0,draw,Crystal Palace,0.0,win,Aston Villa,2.0,win,Everton,1.0,6.3,win,Southampton,3.0,6.3,win,West Ham,2.0,7.0,2.0,3.0,0.6666666666666666,1.6666666666666667,2.0,3.0,7.1,6.533333333333334,-0.5666666666666655,1.3333333333333335,1.3333333333333333,1.3333333333333335,69,9,September,2021
Pierre-Emerick Aubameyang,Arsenal,Center Forward,33,2021/22,87,Coronavirus,2021-08-02,2021-08-16,unknown,Unknown,,,unknown,Unknown,,,unknown,Unknown,,,lose,Brentford,-2.0,unknown,Unknown,,unknown,Unknown,,lose,Chelsea,-2.0,6.0,lose,Man City,-5.0,5.3,win,Norwich City,1.0,7.0,0.0,1.3333333333333333,-2.0,0.0,-2.0,1.0,6.455555555555556,6.1000000000000005,-0.3555555555555552,2.0,1.3333333333333333,2.0,14,8,August,2021
Alexandre Lacazette,Arsenal,Center Forward,31,2021/22,84,Coronavirus,2022-04-14,2022-04-19,win,Aston Villa,1.0,6.2,lose,Crystal Palace,-3.0,5.7,lose,Brighton,-1.0,5.4,lose,Southampton,-1.0,unknown,Unknown,,unknown,Unknown,,unknown,Unknown,,,unknown,Unknown,,,unknown,Unknown,,,-1.0,1.0,-1.0,0.0,0.0,1.3333333333333333,5.766666666666667,6.5,0.7333333333333334,0.0,1.0,0.0,5,4,April,2022
Gabriel Magalhães,Arsenal,Center Back,24,2021/22,80,Knee injury,2021-07-06,2021-08-25,unknown,Unknown,,,unknown,Unknown,,,unknown,Unknown,,,lose,Brentford,-2.0,lose,Chelsea,-2.0,unknown,Unknown,,win,Norwich City,1.0,8.0,win,Burnley,1.0,7.4,win,Tottenham,2.0,6.0,0.0,1.3333333333333333,-2.0,0.0,1.3333333333333333,3.0,6.5,7.133333333333333,0.6333333333333329,2.0,1.3333333333333333,2.0,50,7,July,2021
Thomas Partey,Arsenal,Defensive Midfielder,29,2021/22,84,Ankle injury,2021-07-29,2021-08-30,unknown,Unknown,,,unknown,Unknown,,,unknown,Unknown,,,lose,Brentford,-2.0,lose,Chelsea,-2.0,lose,Man City,-5.0,win,Norwich City,1.0,7.0,win,Burnley,1.0,6.5,win,Tottenham,2.0,6.8,0.0,1.3333333333333333,-3.0,0.0,1.3333333333333333,3.0,6.811111111111111,6.766666666666667,-0.04444444444444429,3.0,1.3333333333333333,3.0,32,7,July,2021
Thomas Partey,Arsenal,Defensive Midfielder,29,2021/22,84,Knock,2022-04-04,2022-07-25,lose,Liverpool,-2.0,7.1,win,Aston Villa,1.0,7.0,lose,Crystal Palace,-3.0,5.8,lose,Brighton,-1.0,lose,Southampton,-1.0,win,Chelsea,2.0,unknown,Unknown,,,unknown,Unknown,,,unknown,Unknown,,,-1.3333333333333333,1.0,0.0,1.0,0.0,1.3333333333333333,6.633333333333333,6.713888888888889,0.08055555555555571,-1.3333333333333333,0.0,-1.3333333333333333,112,4,April,2022
Ben White,Arsenal,Right Back,24,2021/22,76,Hamstring injury,2022-04-25,2022-05-15,lose,Southampton,-1.0,6.8,win,Chelsea,2.0,6.3,win,Man United,2.0,6.1,win,West Ham,1.0,win,Leeds,1.0,unknown,Unknown,,lose,Newcastle,-2.0,5.3,unknown,Unknown,,,unknown,Unknown,,,1.0,2.0,1.0,3.0,-2.0,0.0,6.3999999999999995,5.3,-1.0999999999999996,0.0,-1.0,0.0,20,4,April,2022
Takehiro Tomiyasu,Arsenal,Right Back,23,2021/22,78,Calf injury,2022-02-20,2022-04-21,lose,Man City,-1.0,6.4,unknown,Unknown,,,unknown,Unknown,,,win,Wolves,1.0,win,Watford,1.0,win,Leicester,2.0,unknown,Unknown,,,win,West Ham,1.0,6.2,win,Leeds,1.0,7.0,-1.0,0.0,1.3333333333333333,3.0,1.0,3.0,6.4,6.6,0.1999999999999993,-2.333333333333333,-3.0,-2.333333333333333,60,2,February,2022
Gabriel Martinelli,Arsenal,Left winger,22,2022/23,81,Ankle injury,2023-05-14,2023-06-01,win,Chelsea,2.0,,win,Newcastle,2.0,7.3,lose,Brighton,-3.0,5.5,lose,Nottm Forest,-1.0,win,Wolves,5.0,unknown,Unknown,,unknown,Unknown,,,unknown,Unknown,,,unknown,Unknown,,,0.3333333333333333,2.0,2.0,1.5,0.0,1.3333333333333333,6.4,6.833333333333333,0.4333333333333327,-1.6666666666666667,0.5,-1.6666666666666667,18,5,May,2023
Eddie Nketiah,Arsenal,Center Forward,24,2022/23,75,Ankle injury,2023-03-02,2023-04-13,win,Aston Villa,2.0,7.0,win,Leicester,1.0,,win,Everton,4.0,,win,Bournemouth,1.0,win,Fulham,3.0,win,Crystal Palace,3.0,unknown,Unknown,,,draw,Southampton,0.0,,lose,Man City,-3.0,6.0,2.3333333333333335,3.0,2.3333333333333335,3.0,-1.5,0.5,7.0,6.0,-1.0,0.0,0.0,0.0,42,3,March,2023
William Saliba,Arsenal,Center Back,22,2022/23,82,Back injury,2023-03-16,2023-07-01,win,Everton,4.0,6.7,win,Bournemouth,1.0,7.0,win,Fulham,3.0,7.8,win,Crystal Palace,3.0,win,Leeds,3.0,draw,Liverpool,0.0,unknown,Unknown,,,unknown,Unknown,,,unknown,Unknown,,,2.6666666666666665,3.0,2.0,2.3333333333333335,0.0,1.3333333333333333,7.166666666666667,6.4,-0.7666666666666666,0.6666666666666665,0.6666666666666665,0.6666666666666665,107,3,March,2023
Thomas Partey,Arsenal,Defensive Midfielder,30,2022/23,85,Thigh problems,2022-08-25,2022-09-15,win,Crystal Palace,2.0,7.6,win,Leicester,2.0,6.6,win,Bournemouth,3.0,7.2,win,Fulham,1.0,win,Aston Villa,1.0,lose,Man United,-2.0,win,Brentford,3.0,7.0,win,Tottenham,2.0,8.1,win,Liverpool,1.0,7.0,2.3333333333333335,3.0,0.0,2.0,2.0,3.0,7.133333333333333,7.366666666666667,0.23333333333333428,2.3333333333333335,1.0,2.3333333333333335,21,8,August,2022
Mohamed Elneny,Arsenal,Defensive Midfielder,30,2022/23,77,Thigh problems,2022-08-27,2022-11-01,win,Fulham,1.0,6.7,unknown,Unknown,,,unknown,Unknown,,,win,Aston Villa,1.0,lose,Man United,-2.0,lose,Brentford,3.0,unknown,Unknown,,,unknown,Unknown,,,unknown,Unknown,,,1.0,3.0,0.6666666666666666,1.0,0.0,1.3333333333333333,6.7,6.333333333333333,-0.36666666666666714,0.33333333333333337,2.0,0.33333333333333337,66,8,August,2022
Mohamed Elneny,Arsenal,Defensive Midfielder,30,2022/23,77,Knee injury,2023-01-14,2023-09-20,unknown,Unknown,,,win,West Ham,2.0,,win,Brighton,2.0,,win,Tottenham,2.0,win,Man United,1.0,lose,Everton,-1.0,unknown,Unknown,,,unknown,Unknown,,,unknown,Unknown,,,2.0,3.0,0.6666666666666666,2.0,0.0,1.3333333333333333,6.65,6.333333333333333,-0.3166666666666673,1.3333333333333335,1.0,1.3333333333333335,249,1,January,2023
Takehiro Tomiyasu,Arsenal,Right Back,24,2022/23,79,muscular problems,2022-11-03,2022-11-15,win,Leeds,1.0,6.0,draw,Southampton,0.0,7.0,win,Nottm Forest,5.0,6.5,win,Chelsea,1.0,win,Wolves,2.0,unknown,Unknown,,win,Brighton,2.0,,draw,Newcastle,0.0,,win,Tottenham,2.0,,2.0,2.3333333333333335,1.5,3.0,1.3333333333333333,2.3333333333333335,6.5,6.6,0.09999999999999964,0.5,-0.6666666666666665,0.5,12,11,November,2022
Takehiro Tomiyasu,Arsenal,Right Back,24,2022/23,79,Knee surgery,2023-03-16,2023-07-01,unknown,Unknown,,,win,Bournemouth,1.0,6.8,win,Fulham,3.0,,win,Crystal Palace,3.0,win,Leeds,3.0,draw,Liverpool,0.0,unknown,Unknown,,,unknown,Unknown,,,unknown,Unknown,,,2.0,3.0,2.0,2.3333333333333335,0.0,1.3333333333333333,6.8,6.6,-0.20000000000000018,0.0,0.6666666666666665,0.0,107,3,March,2023
Oleksandr Zinchenko,Arsenal,Left Back,26,2022/23,82,Knee problems and Calf injury,2022-08-26,2022-11-01,win,Crystal Palace,2.0,7.7,win,Leicester,2.0,6.9,win,Bournemouth,3.0,7.0,win,Fulham,1.0,win,Aston Villa,1.0,win,Brentford,3.0,win,Chelsea,1.0,6.8,win,Wolves,2.0,7.0,win,West Ham,2.0,,2.3333333333333335,3.0,1.6666666666666667,3.0,1.6666666666666667,3.0,7.2,6.9,-0.2999999999999998,0.6666666666666667,0.0,0.6666666666666667,67,8,August,2022
Oleksandr Zinchenko,Arsenal,Left Back,26,2022/23,82,unknown injury,2023-04-14,2023-04-17,win,Crystal Palace,3.0,6.5,win,Leeds,3.0,7.0,draw,Liverpool,0.0,6.6,draw,West Ham,0.0,unknown,Unknown,,unknown,Unknown,,draw,Southampton,0.0,6.0,lose,Man City,-3.0,5.6,win,Chelsea,2.0,7.0,2.0,2.3333333333333335,0.0,1.0,-0.3333333333333333,1.3333333333333333,6.7,6.2,-0.5,2.0,1.3333333333333335,2.0,3,4,April,2023
Oleksandr Zinchenko,Arsenal,Left Back,26,2022/23,82,Calf muscle tear,2023-05-07,2023-08-18,lose,Man City,-3.0,5.6,lose,Chelsea,2.0,7.0,lose,Newcastle,2.0,6.8,lose,Brighton,-3.0,lose,Nottm Forest,-1.0,win,Wolves,5.0,unknown,Unknown,,,unknown,Unknown,,,unknown,Unknown,,,0.3333333333333333,0.0,0.3333333333333333,1.0,0.0,1.3333333333333333,6.466666666666666,6.788888888888889,0.32222222222222285,0.0,-1.0,0.0,103,5,May,2023
Gabriel Jesus,Arsenal,Center Forward,26,2022/23,85,Knee injury,2022-12-02,2023-03-11,win,Nottm Forest,5.0,9.7,win,Chelsea,1.0,7.3,win,Wolves,2.0,6.5,win,West Ham,2.0,win,Brighton,2.0,draw,Newcastle,0.0,win,Fulham,3.0,,win,Crystal Palace,3.0,,win,Leeds,3.0,9.0,2.6666666666666665,3.0,1.3333333333333333,2.3333333333333335,3.0,3.0,7.833333333333333,9.0,1.166666666666667,1.3333333333333333,0.6666666666666665,1.3333333333333333,99,12,December,2022
Gabriel Martinelli,Arsenal,Left winger,23,2023/24,83,Hamstring injury,2023-09-17,2023-10-07,draw,Fulham,0.0,7.0,win,Man United,2.0,7.2,win,Everton,1.0,5.7,draw,Tottenham,0.0,win,Bournemouth,4.0,unknown,Unknown,,win,Man City,1.0,,draw,Chelsea,0.0,6.6,win,Sheffield,5.0,7.2,1.0,2.3333333333333335,2.0,2.0,2.0,2.3333333333333335,6.633333333333333,6.9,0.2666666666666675,-1.0,0.3333333333333335,-1.0,20,9,September,2023
Gabriel Martinelli,Arsenal,Left winger,23,2023/24,83,Foot injury,2024-03-05,2024-03-29,win,Burnley,5.0,6.4,win,Newcastle,3.0,7.4,win,Sheffield,6.0,8.2,win,Brentford,1.0,unknown,Unknown,,unknown,Unknown,,draw,Man City,0.0,8.0,unknown,Unknown,,,win,Brighton,3.0,,4.666666666666667,3.0,1.0,3.0,1.5,2.0,7.333333333333333,8.0,0.666666666666667,3.666666666666667,0.0,3.666666666666667,24,3,March,2024
Bukayo Saka,Arsenal,Right winger,22,2023/24,86,unknown injury,2024-03-21,2024-04-06,win,Sheffield,6.0,6.7,win,Brentford,1.0,6.8,lose,Man City,0.0,5.5,win,Luton Town,2.0,unknown,Unknown,,unknown,Unknown,,win,Brighton,3.0,7.3,lose,Aston Villa,-2.0,7.0,win,Wolves,2.0,7.1,2.3333333333333335,2.0,2.0,3.0,1.0,2.0,6.333333333333333,7.133333333333333,0.7999999999999998,0.3333333333333335,-1.0,0.3333333333333335,16,3,March,2024
Bukayo Saka,Arsenal,Right winger,22,2023/24,86,Thigh problems,2023-10-03,2023-10-21,win,Everton,1.0,7.1,draw,Tottenham,0.0,7.9,win,Bournemouth,4.0,7.5,win,Man City,1.0,unknown,Unknown,,unknown,Unknown,,draw,Chelsea,0.0,6.9,win,Sheffield,5.0,6.5,lose,Newcastle,-1.0,6.8,1.6666666666666667,2.3333333333333335,1.0,3.0,1.3333333333333333,1.3333333333333333,7.5,6.733333333333333,-0.7666666666666666,0.6666666666666667,-0.6666666666666665,0.6666666666666667,18,10,October,2023
Thomas Partey,Arsenal,Defensive Midfielder,31,2023/24,84,Groin injury,2023-09-02,2023-10-03,win,Nottm Forest,1.0,7.6,win,Crystal Palace,1.0,7.6,draw,Fulham,0.0,6.9,win,Man United,2.0,win,Everton,1.0,draw,Tottenham,0.0,win,Man City,1.0,6.0,unknown,Unknown,,,unknown,Unknown,,,0.6666666666666666,2.3333333333333335,1.0,2.3333333333333335,1.0,3.0,7.366666666666667,6.0,-1.3666666666666671,-0.33333333333333337,0.0,-0.33333333333333337,31,9,September,2023
Thomas Partey,Arsenal,Defensive Midfielder,31,2023/24,84,Hamstring injury,2023-11-09,2024-02-29,unknown,Unknown,,,unknown,Unknown,,,unknown,Unknown,,,win,Burnley,2.0,win,Brentford,1.0,win,Wolves,1.0,win,Sheffield,6.0,,unknown,Unknown,,,draw,Man City,0.0,,0.0,1.3333333333333333,1.3333333333333333,3.0,3.0,2.0,6.811111111111111,6.713888888888889,-0.09722222222222232,-1.3333333333333333,-1.6666666666666667,-1.3333333333333333,112,11,November,2023
Martin Ødegaard,Arsenal,Attacking Midfielder,25,2023/24,88,Hip problems,2023-11-03,2023-11-22,win,Bournemouth,4.0,8.5,win,Man City,1.0,6.7,draw,Chelsea,0.0,6.0,lose,Newcastle,-1.0,win,Burnley,2.0,unknown,Unknown,,win,Brentford,1.0,6.5,win,Wolves,1.0,9.5,win,Luton Town,1.0,7.2,1.6666666666666667,2.3333333333333335,0.5,1.5,1.0,3.0,7.066666666666666,7.733333333333333,0.666666666666667,1.1666666666666667,0.8333333333333335,1.1666666666666667,19,11,November,2023
Ben White,Arsenal,Right Back,26,2023/24,82,Knee injury,2023-11-09,2023-11-20,draw,Chelsea,0.0,6.1,win,Sheffield,5.0,6.9,lose,Newcastle,-1.0,6.3,win,Burnley,2.0,unknown,Unknown,,unknown,Unknown,,unknown,Unknown,,,win,Wolves,1.0,,win,Luton Town,1.0,7.2,1.3333333333333333,1.3333333333333333,2.0,3.0,1.0,3.0,6.433333333333334,7.2,0.7666666666666666,-0.6666666666666667,-1.6666666666666667,-0.6666666666666667,11,11,November,2023
Takehiro Tomiyasu,Arsenal,Right Back,25,2023/24,78,Calf injury,2023-12-03,2024-03-20,win,Burnley,2.0,6.7,win,Brentford,1.0,7.4,win,Wolves,1.0,7.1,win,Luton Town,1.0,lose,Aston Villa,-1.0,win,Brighton,2.0,draw,Man City,0.0,,win,Luton Town,2.0,,win,Brighton,3.0,,1.3333333333333333,3.0,0.6666666666666666,2.0,1.6666666666666667,2.3333333333333335,7.066666666666666,6.6,-0.4666666666666668,0.6666666666666666,1.0,0.6666666666666666,108,12,December,2023
Oleksandr Zinchenko,Arsenal,Left Back,27,2023/24,80,Calf problems,2023-12-30,2024-01-18,win,Brighton,2.0,7.8,draw,Liverpool,0.0,6.8,lose,West Ham,-2.0,6.5,lose,Fulham,-1.0,unknown,Unknown,,unknown,Unknown,,win,Crystal Palace,5.0,7.8,win,Nottm Forest,1.0,8.0,win,Liverpool,2.0,6.0,0.0,1.3333333333333333,-1.0,0.0,2.6666666666666665,3.0,7.033333333333334,7.266666666666667,0.2333333333333325,1.0,1.3333333333333333,1.0,19,12,December,2023
Gabriel Jesus,Arsenal,Center Forward,27,2023/24,82,Hamstring injury,2023-10-24,2023-11-19,win,Bournemouth,4.0,6.7,win,Man City,1.0,6.5,draw,Chelsea,0.0,5.7,win,Sheffield,5.0,lose,Newcastle,-1.0,win,Burnley,2.0,win,Brentford,1.0,6.4,win,Wolves,1.0,5.9,win,Luton Town,1.0,8.6,1.6666666666666667,2.3333333333333335,2.0,2.0,1.0,3.0,6.3,6.966666666666666,0.6666666666666661,-0.33333333333333326,0.3333333333333335,-0.33333333333333326,26,10,October,2023
Gabriel Jesus,Arsenal,Center Forward,27,2023/24,82,Knee injury,2024-01-05,2024-01-18,lose,Fulham,-1.0,,win,Crystal Palace,5.0,7.5,win,Nottm Forest,1.0,7.9,win,Liverpool,2.0,win,West Ham,6.0,win,Burnley,5.0,win,Sheffield,6.0,,win,Brentford,1.0,,draw,Man City,0.0,6.6,1.6666666666666667,2.0,4.333333333333333,3.0,2.3333333333333335,2.3333333333333335,7.7,6.6,-1.1000000000000005,-2.666666666666666,-1.0,-2.666666666666666,13,1,January,2024
Tyrone Mings,Aston Villa,Center Back,28,2019/20,75,Muscle strain,2019-12-09,2019-12-31,lose,Leicester,-4.0,5.3,lose,Chelsea,1.0,5.7,draw,Man United,0.0,6.8,win,Norwich City,1.0,lose,Southampton,-2.0,lose,Sheffield,-2.0,win,Burnley,1.0,6.7,lose,Man City,-5.0,4.8,draw,Brighton,0.0,6.7,-1.0,0.3333333333333333,-1.0,1.0,-1.3333333333333333,1.3333333333333333,5.933333333333334,6.066666666666666,0.13333333333333286,0.0,-0.6666666666666667,0.0,22,12,December,2019
Jed Steer,Aston Villa,Goalkeeper,27,2019/20,70,Calf injury,2019-11-11,2020-06-15,unknown,Unknown,,,unknown,Unknown,,,unknown,Unknown,,,win,Newcastle,2.0,draw,Man United,0.0,lose,Chelsea,-1.0,unknown,Unknown,,,unknown,Unknown,,,unknown,Unknown,,,0.0,1.3333333333333333,0.3333333333333333,1.3333333333333333,0.0,1.3333333333333333,6.366666666666667,6.4,0.033333333333333215,-0.3333333333333333,0.0,-0.3333333333333333,217,11,November,2019
Anwar El Ghazi,Aston Villa,Right winger,24,2019/20,75,Knee injury,2019-12-02,2019-12-07,draw,Man United,0.0,5.8,win,Newcastle,2.0,7.0,win,Wolves,1.0,6.2,lose,Chelsea,-1.0,unknown,Unknown,,unknown,Unknown,,lose,Sheffield,2.0,5.6,lose,Southampton,-2.0,5.8,win,Norwich City,1.0,6.2,1.0,2.3333333333333335,-1.0,0.0,0.3333333333333333,1.0,6.333333333333333,5.866666666666667,-0.4666666666666659,2.0,2.3333333333333335,2.0,5,12,December,2019
Matt Targett,Aston Villa,Left Back,24,2019/20,75,Muscle strain,2020-06-28,2020-07-11,lose,Wolves,-1.0,6.3,draw,Newcastle,0.0,6.6,lose,Chelsea,-1.0,7.1,lose,Liverpool,-2.0,lose,Man United,-3.0,unknown,Unknown,,draw,Everton,0.0,6.6,win,Arsenal,1.0,6.7,draw,West Ham,0.0,6.0,-0.6666666666666666,0.3333333333333333,-2.5,0.0,0.3333333333333333,1.6666666666666667,6.666666666666667,6.433333333333334,-0.2333333333333334,1.8333333333333335,0.3333333333333333,1.8333333333333335,13,6,June,2020
Matt Targett,Aston Villa,Left Back,24,2019/20,75,Hamstring injury,2019-12-31,2020-01-17,lose,Southampton,-2.0,6.0,lose,Watford,-3.0,6.7,win,Norwich City,1.0,6.2,win,Burnley,1.0,lose,Man City,-5.0,unknown,Unknown,,lose,Southampton,-2.0,6.4,draw,Brighton,0.0,6.7,win,Watford,1.0,6.8,-1.3333333333333333,1.0,-2.0,1.5,-0.3333333333333333,1.3333333333333333,6.3,6.633333333333333,0.33333333333333304,0.6666666666666667,-0.5,0.6666666666666667,17,12,December,2019
Matt Targett,Aston Villa,Left Back,24,2019/20,75,Hamstring injury,2019-08-29,2019-09-24,unknown,Unknown,,,unknown,Unknown,,,unknown,Unknown,,,lose,Crystal Palace,-1.0,draw,West Ham,0.0,win,Arsenal,-1.0,draw,Burnley,0.0,6.9,win,Norwich City,4.0,6.8,win,Brighton,1.0,8.7,0.0,1.3333333333333333,-0.6666666666666666,1.3333333333333333,1.6666666666666667,2.3333333333333335,6.483333333333333,7.466666666666666,0.9833333333333325,0.6666666666666666,0.0,0.6666666666666666,26,8,August,2019
Jack Grealish,Aston Villa,Left winger,24,2019/20,80,Calf injury,2019-10-27,2019-11-24,lose,Man City,-3.0,5.8,win,Brighton,1.0,9.5,win,Norwich City,4.0,8.2,lose,Liverpool,-1.0,lose,Wolves,-1.0,unknown,Unknown,,win,Newcastle,2.0,8.6,draw,Man United,0.0,7.8,lose,Chelsea,-1.0,6.5,0.6666666666666666,2.0,-1.0,0.0,0.3333333333333333,1.3333333333333333,7.833333333333333,7.633333333333333,-0.20000000000000018,1.6666666666666665,2.0,1.6666666666666665,28,10,October,2019
Neil Taylor,Aston Villa,Left Back,31,2019/20,70,Hamstring injury,2020-07-13,2020-07-25,draw,West Ham,0.0,6.7,lose,Man United,-3.0,6.3,lose,Liverpool,-2.0,7.1,win,Crystal Palace,2.0,draw,Everton,0.0,win,Arsenal,1.0,unknown,Unknown,,,unknown,Unknown,,,unknown,Unknown,,,-1.6666666666666667,0.3333333333333333,1.0,2.3333333333333335,0.0,1.3333333333333333,6.7,6.4,-0.2999999999999998,-2.666666666666667,-2.0,-2.666666666666667,12,7,July,2020
Björn Engels,Aston Villa,Center Back,25,2019/20,76,Groin injury,2019-11-03,2019-11-30,lose,Liverpool,-1.0,5.8,lose,Man City,-3.0,4.7,win,Brighton,1.0,6.1,lose,Wolves,-1.0,win,Newcastle,2.0,draw,Man United,0.0,unknown,Unknown,,,unknown,Unknown,,,lose,Leicester,-3.0,5.5,-1.0,1.0,0.3333333333333333,1.3333333333333333,-3.0,0.0,5.533333333333334,5.5,-0.0333333333333341,-1.3333333333333333,-0.33333333333333326,-1.3333333333333333,27,11,November,2019
Tom Heaton,Aston Villa,Goalkeeper,34,2019/20,83,Cruciate ligament injury,2020-01-01,2020-11-07,lose,Watford,-3.0,5.9,win,Norwich City,1.0,7.8,lose,Southampton,-2.0,6.3,win,Burnley,1.0,lose,Man City,-5.0,draw,Brighton,0.0,unknown,Unknown,,,unknown,Unknown,,,unknown,Unknown,,,-1.3333333333333333,1.0,-1.3333333333333333,1.3333333333333333,0.0,1.3333333333333333,6.666666666666667,7.233333333333333,0.5666666666666664,0.0,-0.33333333333333326,0.0,311,1,January,2020
Tom Heaton,Aston Villa,Goalkeeper,34,2019/20,83,Calf strain,2019-11-10,2019-11-25,lose,Liverpool,-1.0,6.0,win,Brighton,1.0,7.0,lose,Man City,-3.0,6.3,lose,Wolves,-1.0,unknown,Unknown,,unknown,Unknown,,win,Newcastle,2.0,7.8,draw,Man United,0.0,6.2,lose,Chelsea,-1.0,7.7,-1.0,1.0,-1.0,0.0,0.3333333333333333,1.3333333333333333,6.433333333333334,7.233333333333333,0.7999999999999998,0.0,1.0,0.0,15,11,November,2019
Ezri Konsa,Aston Villa,Center Back,23,2020/21,77,bruise,2020-12-13,2020-12-25,win,Wolves,1.0,6.4,lose,West Ham,-1.0,6.4,lose,Brighton,-1.0,7.3,draw,Burnley,0.0,win,West Brom,3.0,unknown,Unknown,,win,Crystal Palace,3.0,,draw,Chelsea,0.0,6.1,lose,Man United,-1.0,5.9,-0.3333333333333333,1.0,1.5,2.0,0.6666666666666666,1.3333333333333333,6.7,6.0,-0.7000000000000002,-1.8333333333333333,-1.0,-1.8333333333333333,12,12,December,2020
Kortney Hause,Aston Villa,Center Back,25,2020/21,74,Ankle injury,2021-01-03,2021-04-05,unknown,Unknown,,,draw,Chelsea,0.0,6.4,win,Crystal Palace,3.0,7.4,lose,Man City,-2.0,win,Newcastle,2.0,lose,Burnley,-1.0,unknown,Unknown,,,unknown,Unknown,,,unknown,Unknown,,,1.5,2.0,-0.3333333333333333,1.0,0.0,1.3333333333333333,6.9,6.4,-0.5,1.8333333333333333,1.0,1.8333333333333333,92,1,January,2021
Bertrand Traoré,Aston Villa,Right winger,24,2020/21,76,Bruised ribs,2020-11-02,2020-11-20,lose,Southampton,-1.0,5.2,lose,Leeds,-3.0,,unknown,Unknown,,,win,Arsenal,3.0,unknown,Unknown,,unknown,Unknown,,lose,Brighton,-1.0,,lose,West Ham,-1.0,,win,Wolves,1.0,6.2,-2.0,0.0,3.0,3.0,-0.3333333333333333,1.0,5.2,6.2,1.0,-5.0,-3.0,-5.0,18,11,November,2020
Douglas Luiz,Aston Villa,Central Midfielder,23,2020/21,76,Hamstring injury,2020-10-25,2020-11-25,lose,Leeds,-3.0,6.1,win,Leicester,1.0,6.5,win,Liverpool,5.0,6.2,lose,Brighton,-1.0,lose,Southampton,-1.0,win,Arsenal,3.0,lose,West Ham,-1.0,7.4,win,Wolves,-1.0,6.4,draw,Burnley,0.0,6.3,1.0,2.0,0.3333333333333333,1.0,-0.6666666666666666,1.3333333333333333,6.266666666666667,6.7,0.43333333333333357,0.6666666666666667,1.0,0.6666666666666667,31,10,October,2020
Mahmoud Trezeguet,Aston Villa,Left winger,26,2020/21,75,Head injury,2020-12-01,2021-01-21,lose,West Ham,-1.0,6.4,lose,Brighton,-1.0,6.3,win,Arsenal,3.0,6.8,win,Wolves,-1.0,draw,Burnley,0.0,win,West Brom,3.0,unknown,Unknown,,,unknown,Unknown,,,lose,West Ham,-2.0,,0.3333333333333333,1.0,0.6666666666666666,2.3333333333333335,-2.0,0.0,6.5,6.4,-0.09999999999999964,-0.3333333333333333,-1.3333333333333335,-0.3333333333333333,51,12,December,2020
Morgan Sanson,Aston Villa,Central Midfielder,26,2020/21,77,Knee problems,2021-04-09,2021-08-29,win,Fulham,2.0,6.6,lose,Tottenham,-2.0,5.9,draw,Newcastle,0.0,,lose,Liverpool,-1.0,lose,Man City,-1.0,draw,West Brom,0.0,unknown,Unknown,,,unknown,Unknown,,,unknown,Unknown,,,0.0,1.3333333333333333,-0.6666666666666666,0.3333333333333333,0.0,1.3333333333333333,6.25,6.0,-0.25,0.6666666666666666,1.0,0.6666666666666666,142,4,April,2021
Ross Barkley,Aston Villa,Central Midfielder,27,2020/21,78,Hamstring injury,2020-11-21,2021-01-19,win,Arsenal,3.0,7.7,lose,Southampton,-1.0,6.7,lose,Leeds,-3.0,6.5,lose,Brighton,-1.0,lose,West Ham,-1.0,win,Wolves,1.0,lose,Man City,-2.0,5.7,win,Newcastle,2.0,6.2,lose,Burnley,-1.0,6.8,-0.3333333333333333,1.0,-0.3333333333333333,1.0,-0.3333333333333333,1.0,6.966666666666666,6.233333333333333,-0.7333333333333325,0.0,0.0,0.0,59,11,November,2020
Emiliano Martínez,Aston Villa,Goalkeeper,29,2021/22,84,Knee problems,2022-05-20,2022-05-29,draw,Crystal Palace,0.0,6.6,lose,Liverpool,-1.0,6.3,draw,Burnley,0.0,6.8,lose,Man City,-1.0,unknown,Unknown,,unknown,Unknown,,unknown,Unknown,,,unknown,Unknown,,,unknown,Unknown,,,-0.3333333333333333,0.6666666666666666,-1.0,0.0,0.0,1.3333333333333333,6.566666666666666,6.4,-0.16666666666666607,0.6666666666666667,0.6666666666666666,0.6666666666666667,9,5,May,2022
Ezri Konsa,Aston Villa,Center Back,24,2021/22,79,Knee injury,2022-05-15,2022-07-10,lose,Liverpool,-1.0,6.0,win,Burnley,2.0,6.1,unknown,Unknown,,,draw,Crystal Palace,0.0,draw,Burnley,0.0,lose,Man City,-2.0,unknown,Unknown,,,unknown,Unknown,,,unknown,Unknown,,,0.5,1.5,-0.6666666666666666,0.6666666666666666,0.0,1.3333333333333333,6.05,6.199999999999999,0.14999999999999947,1.1666666666666665,0.8333333333333334,1.1666666666666665,56,5,May,2022
Lucas Digne,Aston Villa,Left Back,28,2021/22,84,Shoulder injury,2022-04-09,2022-04-25,lose,Wolves,-1.0,6.5,unknown,Unknown,,,lose,West Ham,-1.0,6.2,unknown,Unknown,,draw,Leicester,0.0,unknown,Unknown,,win,Burnley,2.0,6.8,win,Norwich City,2.0,6.0,lose,Liverpool,-1.0,6.6,-1.0,0.0,0.0,1.0,1.0,2.0,6.35,6.466666666666666,0.11666666666666625,-1.0,-1.0,-1.0,16,4,April,2022
Lucas Digne,Aston Villa,Left Back,28,2021/22,84,Hamstring injury,2022-03-14,2022-03-21,unknown,Unknown,,,win,Leeds,3.0,7.2,unknown,Unknown,,,lose,Arsenal,-1.0,unknown,Unknown,,unknown,Unknown,,unknown,Unknown,,,lose,Tottenham,-4.0,6.3,unknown,Unknown,,,3.0,3.0,-1.0,0.0,-4.0,0.0,7.2,6.3,-0.9000000000000004,4.0,3.0,4.0,7,3,March,2022
Leon Bailey,Aston Villa,Right winger,24,2021/22,81,Thigh problems,2021-12-05,2022-02-10,lose,Man City,-1.0,5.8,win,Crystal Palace,1.0,6.1,win,Brighton,2.0,,win,Leicester,1.0,lose,Liverpool,-1.0,win,Norwich City,2.0,lose,Newcastle,-1.0,,lose,Watford,-1.0,,unknown,Unknown,,,0.6666666666666666,2.0,0.6666666666666666,2.0,-1.0,0.0,5.949999999999999,6.4,0.45000000000000107,0.0,0.0,0.0,67,12,December,2021
Marvelous Nakamba,Aston Villa,Defensive Midfielder,25,2021/22,75,Knee injury,2021-12-11,2022-03-31,lose,Leicester,-3.0,5.7,lose,Liverpool,-1.0,6.2,lose,Man City,-1.0,6.2,lose,Sheffield,-2.0,lose,Southampton,-2.0,win,Norwich City,1.0,unknown,Unknown,,,lose,Chelsea,-1.0,,unknown,Unknown,,,-1.6666666666666667,0.0,-1.0,1.0,-1.0,0.0,6.033333333333334,6.4,0.36666666666666625,-0.6666666666666667,-1.0,-0.6666666666666667,110,12,December,2021
Morgan Sanson,Aston Villa,Central Midfielder,27,2021/22,76,Knock,2022-04-10,2022-05-08,win,Fulham,2.0,6.6,lose,Tottenham,-2.0,5.9,draw,Newcastle,0.0,,lose,Liverpool,-1.0,win,Norwich City,2.0,lose,Chelsea,-2.0,unknown,Unknown,,,unknown,Unknown,,,unknown,Unknown,,,0.0,1.3333333333333333,-0.3333333333333333,1.0,0.0,1.3333333333333333,6.25,6.0,-0.25,0.3333333333333333,0.33333333333333326,0.3333333333333333,28,4,April,2022
Morgan Sanson,Aston Villa,Central Midfielder,27,2021/22,76,Ill,2021-10-30,2021-11-06,lose,Wolves,-1.0,6.2,unknown,Unknown,,,unknown,Unknown,,,lose,West Ham,-3.0,lose,Southampton,-1.0,unknown,Unknown,,unknown,Unknown,,,unknown,Unknown,,,unknown,Unknown,,,-1.0,0.0,-2.0,0.0,0.0,1.3333333333333333,6.2,6.0,-0.20000000000000018,1.0,0.0,1.0,7,10,October,2021
Morgan Sanson,Aston Villa,Central Midfielder,27,2021/22,76,Coronavirus,2021-12-12,2021-12-25,lose,Liverpool,-1.0,,unknown,Unknown,,,unknown,Unknown,,,win,Norwich City,2.0,unknown,Unknown,,unknown,Unknown,,lose,Brentford,-1.0,,draw,Man United,0.0,6.0,unknown,Unknown,,,-1.0,0.0,2.0,3.0,-0.5,0.5,6.233333333333333,6.0,-0.2333333333333334,-3.0,-3.0,-3.0,13,12,December,2021
Matty Cash,Aston Villa,Right Back,25,2022/23,79,Calf injury,2023-03-29,2023-05-03,win,Bournemouth,3.0,7.4,draw,West Ham,0.0,6.1,win,Crystal Palace,1.0,6.9,win,Chelsea,2.0,win,Leicester,1.0,win,Nottm Forest,2.0,unknown,Unknown,,,draw,Liverpool,0.0,6.2,win,Tottenham,1.0,,1.3333333333333333,2.3333333333333335,1.6666666666666667,3.0,0.5,2.0,6.8,6.2,-0.5999999999999996,-0.3333333333333335,-0.6666666666666665,-0.3333333333333335,35,3,March,2023
Matty Cash,Aston Villa,Right Back,25,2022/23,79,Tendon rupture,2022-09-03,2022-09-28,lose,Arsenal,-1.0,5.9,lose,West Ham,-1.0,6.5,lose,Crystal Palace,-2.0,5.6,draw,Man City,0.0,win,Southampton,1.0,unknown,Unknown,,unknown,Unknown,,,draw,Nottm Forest,0.0,6.7,lose,Chelsea,-2.0,6.2,-1.3333333333333333,0.0,0.5,2.0,-1.0,0.5,6.0,6.45,0.4500000000000002,-1.8333333333333333,-2.0,-1.8333333333333333,25,9,September,2022
Diego Carlos,Aston Villa,Center Back,30,2022/23,82,Achilles tendon rupture,2022-08-11,2023-03-12,lose,Bournemouth,-2.0,5.6,unknown,Unknown,,,unknown,Unknown,,,win,Everton,1.0,lose,Crystal Palace,-3.0,lose,West Ham,-1.0,unknown,Unknown,,,unknown,Unknown,,,unknown,Unknown,,,-2.0,0.0,-1.0,1.0,0.0,1.3333333333333333,5.6,6.7,1.1000000000000005,-1.0,-1.0,-1.0,213,8,August,2022
John McGinn,Aston Villa,Central Midfielder,28,2022/23,78,Hamstring strain,2023-01-01,2023-02-04,unknown,Unknown,,,win,Brighton,1.0,6.1,win,Man United,2.0,,win,Tottenham,2.0,draw,Wolves,0.0,win,Leeds,1.0,lose,Man City,-2.0,,lose,Arsenal,-2.0,6.1,win,Everton,2.0,7.3,1.5,3.0,1.0,2.3333333333333335,-0.6666666666666666,1.0,6.1,6.699999999999999,0.5999999999999996,0.5,0.6666666666666665,0.5,34,1,January,2023
Lucas Digne,Aston Villa,Left Back,29,2022/23,82,Shoulder injury,2023-01-14,2023-02-03,draw,Wolves,0.0,6.2,win,Tottenham,2.0,6.3,lose,Liverpool,-2.0,6.5,win,Southampton,1.0,win,Leicester,2.0,unknown,Unknown,,lose,Man City,-2.0,5.1,unknown,Unknown,,,lose,Everton,-2.0,6.6,0.0,1.3333333333333333,1.5,3.0,-2.0,0.0,6.333333333333333,5.85,-0.4833333333333334,-1.5,-1.6666666666666667,-1.5,20,1,January,2023
Lucas Digne,Aston Villa,Left Back,29,2022/23,82,Ankle injury,2022-09-17,2022-10-27,win,Southampton,1.0,6.6,draw,Man City,0.0,6.2,lose,Arsenal,-1.0,5.9,win,Southampton,1.0,draw,Leeds,0.0,draw,Nottm Forest,0.0,lose,Newcastle,-4.0,,win,Man United,2.0,6.8,win,Brighton,1.0,6.1,0.0,1.3333333333333333,0.3333333333333333,1.6666666666666667,-0.3333333333333333,2.0,6.233333333333333,6.449999999999999,0.2166666666666659,-0.3333333333333333,-0.3333333333333335,-0.3333333333333333,40,9,September,2022
Álex Moreno,Aston Villa,Left Back,31,2022/23,80,Hamstring injury,2023-05-20,2023-09-15,unknown,Unknown,,,win,Wolves,1.0,6.2,lose,Man United,-1.0,6.0,draw,Liverpool,0.0,win,Brighton,1.0,unknown,Unknown,,unknown,Unknown,,,unknown,Unknown,,,unknown,Unknown,,,0.0,1.5,0.5,2.0,0.0,1.3333333333333333,6.1,6.4,0.3000000000000007,-0.5,-0.5,-0.5,118,5,May,2023
acob Ramsey,Aston Villa,Attacking Midfielder,22,2022/23,76,Hamstring injury,2022-11-23,2023-01-08,win,Brighton,1.0,5.4,win,Man United,2.0,7.4,lose,Newcastle,-4.0,,lose,Liverpool,-2.0,win,Tottenham,2.0,draw,Wolves,0.0,win,Leeds,1.0,5.5,win,Southampton,1.0,7.4,lose,Leicester,-2.0,5.8,-0.3333333333333333,2.0,0.0,1.3333333333333333,0.0,2.0,6.4,6.233333333333333,-0.16666666666666696,-0.3333333333333333,0.6666666666666667,-0.3333333333333333,46,11,November,2022
Boubacar Kamara,Aston Villa,Defensive Midfielder,23,2022/23,80,Ankle injury,2023-03-12,2023-03-18,win,Crystal Palace,1.0,6.6,win,Everton,2.0,6.9,lose,Arsenal,-2.0,7.0,draw,West Ham,0.0,win,Bournemouth,3.0,win,Chelsea,2.0,unknown,Unknown,,,unknown,Unknown,,,unknown,Unknown,,,0.3333333333333333,2.0,1.6666666666666667,2.3333333333333335,0.0,1.3333333333333333,6.833333333333333,6.15,-0.6833333333333327,-1.3333333333333335,-0.3333333333333335,-1.3333333333333335,6,3,March,2023
Boubacar Kamara,Aston Villa,Defensive Midfielder,23,2022/23,80,Knee injury,2022-09-15,2022-10-31,draw,Man City,0.0,6.3,lose,Arsenal,1.0,6.0,lose,West Ham,-1.0,6.9,win,Southampton,1.0,draw,Leeds,0.0,draw,Nottm Forest,0.0,unknown,Unknown,,,win,Brighton,1.0,6.2,lose,Liverpool,-2.0,6.1,0.0,0.3333333333333333,0.3333333333333333,1.6666666666666667,-0.5,1.5,6.3999999999999995,6.15,-0.2499999999999991,-0.3333333333333333,-1.3333333333333335,-0.3333333333333333,46,9,September,2022
Matty Cash,Aston Villa,Defensive Midfielder,26,2023/24,79,Calf injury,2024-05-12,2024-06-12,lose,Brighton,-1.0,,draw,Chelsea,0.0,6.7,win,Bournemouth,2.0,5.5,draw,Liverpool,0.0,lose,Crystal Palace,-5.0,unknown,Unknown,,unknown,Unknown,,,unknown,Unknown,,,unknown,Unknown,,,0.3333333333333333,1.3333333333333333,-2.5,0.5,0.0,1.3333333333333333,6.1,5.6625,-0.4375,2.8333333333333335,0.8333333333333333,2.8333333333333335,31,5,May,2024
Matty Cash,Aston Villa,Right Back,26,2023/24,79,Hamstring injury,2024-03-21,2024-04-12,draw,West Ham,0.0,,lose,Tottenham,-4.0,5.6,win,Fulham,1.0,6.4,win,Wolves,2.0,lose,Man City,-3.0,draw,Brentford,0.0,unknown,Unknown,,,win,Bournemouth,2.0,5.5,unknown,Unknown,,,-1.0,1.3333333333333333,-0.3333333333333333,1.3333333333333333,2.0,3.0,6.0,5.5,-0.5,-0.6666666666666667,0.0,-0.6666666666666667,22,3,March,2024
Matty Cash,Aston Villa,Right Back,26,2023/24,79,Ill,2023-12-29,2023-12-31,unknown,Unknown,,,draw,Sheffield,0.0,7.4,win,Brentford,1.0,6.0,win,Burnley,1.0,unknown,Unknown,,unknown,Unknown,,unknown,Unknown,,,draw,Everton,0.0,,draw,Chelsea,0.0,4.5,0.5,2.0,1.0,3.0,0.0,1.0,6.7,4.5,-2.2,-0.5,-1.0,-0.5,2,12,December,2023
Diego Carlos,Aston Villa,Center Back,31,2023/24,81,Hamstring injury,2024-02-14,2024-03-05,lose,Man United,-1.0,6.2,win,Sheffield,4.0,7.2,unknown,Unknown,,,win,Fulham,1.0,win,Nottm Forest,2.0,win,Luton Town,1.0,unknown,Unknown,,,unknown,Unknown,,,win,Wolves,2.0,6.7,1.5,1.5,1.3333333333333333,3.0,2.0,3.0,6.7,6.7,0.0,0.16666666666666674,-1.5,0.16666666666666674,20,2,February,2024
Ezri Konsa,Aston Villa,Center Back,26,2023/24,80,Knee injury,2024-02-04,2024-03-01,win,Sheffield,5.0,6.8,lose,Newcastle,-2.0,6.0,draw,Everton,0.0,6.5,lose,Man United,-1.0,win,Fulham,1.0,win,Nottm Forest,4.0,win,Luton Town,1.0,6.4,lose,Tottenham,-4.0,5.7,draw,West Ham,0.0,7.1,1.0,1.3333333333333333,1.3333333333333333,2.0,-1.0,1.3333333333333333,6.433333333333334,6.3999999999999995,-0.0333333333333341,-0.33333333333333326,-0.6666666666666667,-0.33333333333333326,26,2,February,2024
Youri Tielemans,Aston Villa,Central Midfielder,27,2023/24,81,Groin injury,2024-04-27,2024-06-10,win,Bournemouth,2.0,6.7,win,Arsenal,2.0,7.6,draw,Brentford,0.0,7.5,draw,Chelsea,0.0,lose,Brighton,-1.0,draw,Liverpool,0.0,unknown,Unknown,,,unknown,Unknown,,,unknown,Unknown,,,1.3333333333333333,2.3333333333333335,-0.3333333333333333,0.6666666666666666,0.0,1.3333333333333333,7.266666666666667,6.6,-0.666666666666667,1.6666666666666665,1.666666666666667,1.6666666666666665,44,4,April,2024
Youri Tielemans,Aston Villa,Central Midfielder,27,2023/24,81,Calf injury,2023-12-13,2024-01-12,win,Arsenal,1.0,5.9,win,Man City,1.0,6.7,draw,Bournemouth,0.0,7.2,win,Brentford,1.0,draw,Sheffield,0.0,lose,Man United,-1.0,draw,Everton,0.0,,lose,Newcastle,-2.0,5.8,win,Sheffield,5.0,7.4,0.6666666666666666,2.3333333333333335,0.0,1.3333333333333333,1.0,1.3333333333333333,6.6000000000000005,6.6,-8.881784197001252e-16,0.6666666666666666,1.0000000000000002,0.6666666666666666,30,12,December,2023
Lucas Digne,Aston Villa,Left Back,30,2023/24,79,Hamstring injury,2023-12-26,2024-02-06,draw,Sheffield,0.0,6.4,unknown,Unknown,,,win,Arsenal,1.0,6.3,lose,Man United,-1.0,win,Burnley,1.0,draw,Everton,0.0,unknown,Unknown,,,unknown,Unknown,,,win,Nottm Forest,2.0,6.3,0.5,2.0,0.0,1.3333333333333333,2.0,3.0,6.35,6.3,-0.04999999999999982,0.5,0.6666666666666667,0.5,42,12,December,2023
Pau Torres,Aston Villa,Center Back,27,2023/24,82,Ankle injury,2024-01-05,2024-02-04,win,Burnley,1.0,,unknown,Unknown,,,unknown,Unknown,,,draw,Everton,0.0,lose,Newcastle,-2.0,win,Sheffield,5.0,unknown,Unknown,,,win,Fulham,1.0,6.3,win,Nottm Forest,2.0,6.3,1.0,3.0,1.0,1.3333333333333333,1.5,3.0,6.2,6.3,0.09999999999999964,0.0,1.6666666666666667,0.0,30,1,January,2024
Pau Torres,Aston Villa,Center Back,27,2023/24,82,unknown injury,2023-12-18,2023-12-23,win,Arsenal,1.0,6.3,win,Man City,1.0,6.7,draw,Bournemouth,0.0,5.6,win,Burnley,1.0,draw,Sheffield,0.0,win,Man United,1.0,win,Tottenham,1.0,7.2,win,Burnley,1.0,,win,Man City,1.0,6.7,0.6666666666666666,2.3333333333333335,0.6666666666666666,2.3333333333333335,1.0,3.0,6.2,6.95,0.75,0.0,0.0,0.0,5,12,December,2023
Álex Moreno,Aston Villa,Left Back,31,2023/24,80,minor knock,2024-04-15,2024-05-31,unknown,Unknown,,,lose,Man City,-3.0,,win,Wolves,2.0,6.4,win,Bournemouth,2.0,draw,Chelsea,0.0,lose,Brighton,-1.0,unknown,Unknown,,,unknown,Unknown,,,unknown,Unknown,,,-0.5,1.5,0.3333333333333333,1.3333333333333333,0.0,1.3333333333333333,6.4,6.4,0.0,-0.8333333333333333,0.16666666666666674,-0.8333333333333333,46,4,April,2024
Jhon Durán,Aston Villa,Center Forward,20,2023/24,68,unknown injury,2023-08-11,2023-08-13,unknown,Unknown,,,unknown,Unknown,,,unknown,Unknown,,,lose,Newcastle,-5.0,unknown,Unknown,,unknown,Unknown,,win,Everton,4.0,,win,Burnley,2.0,6.0,lose,Liverpool,-3.0,,0.0,1.3333333333333333,-5.0,0.0,1.0,2.0,6.366666666666667,6.0,-0.36666666666666714,5.0,1.3333333333333333,5.0,2,8,August,2023
Jhon Durán,Aston Villa,Center Forward,20,2023/24,68,infection,2023-10-21,2023-10-23,unknown,Unknown,,,win,Brighton,5.0,,win,Chelsea,1.0,,win,West Ham,4.0,unknown,Unknown,,unknown,Unknown,,unknown,Unknown,,,unknown,Unknown,,,unknown,Unknown,,,3.0,3.0,4.0,3.0,0.0,1.3333333333333333,6.366666666666667,5.65,-0.7166666666666668,-1.0,0.0,-1.0,2,10,October,2023
Jhon Durán,Aston Villa,Center Forward,20,2023/24,68,infection,2023-10-28,2023-11-06,unknown,Unknown,,,win,Brighton,5.0,,win,Chelsea,1.0,,win,West Ham,4.0,unknown,Unknown,,unknown,Unknown,,unknown,Unknown,,,unknown,Unknown,,,unknown,Unknown,,,3.0,3.0,4.0,3.0,0.0,1.3333333333333333,6.366666666666667,5.65,-0.7166666666666668,-1.0,0.0,-1.0,9,10,October,2023
Jhon Durán,Aston Villa,Center Forward,20,2023/24,68,Hamstring injury,2024-01-25,2024-03-08,unknown,Unknown,,,draw,Everton,0.0,,unknown,Unknown,,,lose,Newcastle,-2.0,win,Sheffield,5.0,lose,Man United,1.0,unknown,Unknown,,,draw,West Ham,0.0,5.3,win,Wolves,2.0,,0.0,1.0,1.3333333333333333,1.0,1.0,2.0,6.366666666666667,5.3,-1.0666666666666673,-1.3333333333333333,0.0,-1.3333333333333333,43,1,January,2024
Morgan Rogers,Aston Villa,Attacking Midfielder,21,2023/24,67,Hamstring injury,2024-05-06,2024-06-01,draw,Chelsea,0.0,6.8,win,Bournemouth,2.0,7.3,win,Bournemouth,2.0,7.3,draw,Liverpool,0.0,lose,Crystal Palace,5.0,unknown,Unknown,,unknown,Unknown,,,unknown,Unknown,,,unknown,Unknown,,,1.3333333333333333,2.3333333333333335,2.5,0.5,0.0,1.3333333333333333,7.133333333333333,6.4,-0.7333333333333325,-1.1666666666666667,1.8333333333333335,-1.1666666666666667,26,5,May,2024
Leon Bailey,Aston Villa,Right winger,26,2023/24,80,Ill,2024-05-18,2024-05-31,draw,Liverpool,0.0,7.0,lose,Brighton,-1.0,5.9,draw,Chelsea,0.0,5.6,lose,Crystal Palace,-5.0,unknown,Unknown,,unknown,Unknown,,unknown,Unknown,,,unknown,Unknown,,,unknown,Unknown,,,-0.3333333333333333,0.6666666666666666,-5.0,0.0,0.0,1.3333333333333333,6.166666666666667,6.4,0.2333333333333334,4.666666666666667,0.6666666666666666,4.666666666666667,13,5,May,2024
Jacob Ramsey,Aston Villa,Attacking Midfielder,23,2023/24,78,Metatarsal fracture,2023-07-02,2023-09-20,unknown,Unknown,,,unknown,Unknown,,,unknown,Unknown,,,lose,Newcastle,-4.0,win,Everton,4.0,win,Burnley,2.0,unknown,Unknown,,,win,Brighton,5.0,,unknown,Unknown,,,0.0,1.3333333333333333,0.6666666666666666,2.0,5.0,3.0,6.0,6.300000000000001,0.3000000000000007,-0.6666666666666666,-0.6666666666666667,-0.6666666666666666,80,7,July,2023
Jacob Ramsey,Aston Villa,Attacking Midfielder,23,2023/24,78,Foot injury,2023-10-04,2023-11-24,win,Brighton,5.0,,unknown,Unknown,,,unknown,Unknown,,,draw,Wolves,0.0,win,West Ham,3.0,win,Luton Town,2.0,unknown,Unknown,,,unknown,Unknown,,,win,Man City,1.0,,5.0,3.0,1.6666666666666667,2.3333333333333335,1.0,3.0,6.0,6.300000000000001,0.3000000000000007,3.333333333333333,0.6666666666666665,3.333333333333333,51,10,October,2023
Jacob Ramsey,Aston Villa,Attacking Midfielder,23,2023/24,78,Hamstring injury,2024-01-13,2024-01-29,unknown,Unknown,,,win,Burnley,1.0,6.3,lose,Man United,-1.0,5.7,draw,Everton,0.0,lose,Newcastle,-2.0,unknown,Unknown,,win,Sheffield,5.0,,lose,Man United,1.0,6.4,win,Fulham,1.0,6.2,0.0,1.5,-1.0,0.5,2.3333333333333335,2.0,6.0,6.300000000000001,0.3000000000000007,1.0,1.0,1.0,16,1,January,2024
Philippe Coutinho,Aston Villa,Attacking Midfielder,32,2023/24,79,Hamstring injury,2023-08-20,2023-09-25,win,Everton,1.0,5.0,lose,Newcastle,-5.0,,unknown,Unknown,,,win,Burnley,2.0,lose,Liverpool,-3.0,win,Crystal Palace,2.0,unknown,Unknown,,,unknown,Unknown,,,unknown,Unknown,,,-2.0,1.5,0.3333333333333333,2.0,0.0,1.3333333333333333,5.0,6.4,1.4000000000000004,-2.3333333333333335,-0.5,-2.3333333333333335,36,8,August,2023
Joel Pereria,Man United,Goalkeeper,24,2019/20,66,Back injury,2019-08-02,2019-08-16,unknown,Unknown,,,unknown,Unknown,,,unknown,Unknown,,,win,Chelsea,4.0,unknown,Unknown,,unknown,Unknown,,unknown,Unknown,,,unknown,Unknown,,,unknown,Unknown,,,0.0,1.3333333333333333,4.0,3.0,0.0,1.3333333333333333,6.366666666666667,6.4,0.033333333333333215,-4.0,-1.6666666666666667,-4.0,14,8,August,2019
Harry Maguire,Man United,Center Back,27,2020/21,80,Ankle injury,2021-05-09,2021-06-13,win,Burnley,3.0,6.7,draw,Leeds,0.0,6.8,win,Aston Villa,3.0,6.6,lose,Leicester,-1.0,lose,Liverpool,-2.0,draw,Fulham,0.0,unknown,Unknown,,,unknown,Unknown,,,unknown,Unknown,,,2.0,2.3333333333333335,-1.0,0.3333333333333333,0.0,1.3333333333333333,6.7,6.3,-0.40000000000000036,3.0,2.0,3.0,35,5,May,2021
Harry Maguire,Man United,Center Back,28,2021/22,80,Calf injury,2021-09-25,2021-10-15,win,Wolves,1.0,7.4,win,Newcastle,4.0,7.9,win,West Ham,1.0,7.0,draw,Everton,0.0,unknown,Unknown,,unknown,Unknown,,lose,Leicester,-2.0,6.2,lose,Liverpool,-5.0,6.8,win,Tottenham,3.0,4.1,2.0,3.0,0.0,1.0,-1.3333333333333333,1.0,7.433333333333334,5.7,-1.7333333333333334,2.0,2.0,2.0,20,9,September,2021
Harry Maguire,Man United,Center Back,28,2021/22,80,Chest injury,2022-01-01,2022-01-14,win,Burnley,2.0,6.4,draw,Newcastle,0.0,6.2,unknown,Unknown,,,lose,Wolves,-1.0,unknown,Unknown,,unknown,Unknown,,win,Brentford,0.0,,win,West Ham,1.0,6.8,draw,Burnley,0.0,6.4,1.0,2.0,-1.0,0.0,0.3333333333333333,2.3333333333333335,6.300000000000001,6.6,0.29999999999999893,2.0,2.0,2.0,13,1,January,2022
Harry Maguire,Man United,Center Back,28,2021/22,80,Knee problems,2022-04-26,2022-05-03,lose,Everton,1.0,6.2,win,Norwich City,1.0,5.6,lose,Liverpool,4.0,6.1,draw,Chelsea,0.0,win,Brentford,3.0,unknown,Unknown,,lose,Brighton,-4.0,7.5,lose,Crystal Palace,-1.0,6.5,unknown,Unknown,,,2.0,1.0,1.5,2.0,-2.5,0.0,5.966666666666666,7.0,1.033333333333334,0.5,-1.0,0.5,7,4,April,2022
Harry Maguire,Man United,Center Back,29,2022/23,80,Hamstring injury,2022-09-26,2022-10-25,win,Arsenal,2.0,,lose,Brentford,-4.0,5.4,lose,Brighton,-1.0,6.7,lose,Man City,-3.0,win,Everton,1.0,draw,Newcastle,0.0,win,West Ham,1.0,6.5,lose,Aston Villa,-2.0,7.2,win,Fulham,1.0,4.0,-1.0,1.0,-0.6666666666666666,1.3333333333333333,0.0,2.0,6.050000000000001,5.8999999999999995,-0.15000000000000124,-0.33333333333333337,-0.33333333333333326,-0.33333333333333337,29,9,September,2022
Victor Lindelof,Man United,Center Back,25,2019/20,78,Ill,2020-01-20,2020-01-25,lose,Arsenal,-2.0,5.9,win,Norwich City,4.0,6.6,lose,Liverpool,-2.0,6.3,lose,Burnley,-2.0,unknown,Unknown,,unknown,Unknown,,draw,Wolves,0.0,6.8,win,Watford,3.0,6.1,draw,Everton,0.0,5.9,0.0,1.0,-2.0,0.0,1.0,1.6666666666666667,6.266666666666667,6.266666666666667,0.0,2.0,1.0,2.0,5,1,January,2020
Victor Lindelof,Man United,Center Back,26,2020/21,78,Back injury,2020-12-27,2021-01-06,draw,Leicester,0.0,6.4,win,Leeds,4.0,6.8,win,Sheffield,1.0,6.8,win,Wolves,1.0,win,Aston Villa,1.0,unknown,Unknown,,draw,Liverpool,0.0,6.9,draw,Arsenal,0.0,7.4,win,Southampton,9.0,6.6,1.6666666666666667,2.3333333333333335,1.0,3.0,3.0,1.6666666666666667,6.666666666666667,6.966666666666666,0.29999999999999893,0.6666666666666667,-0.6666666666666665,0.6666666666666667,10,12,December,2020
Victor Lindelof,Man United,Center Back,26,2021/22,78,Coronavirus,2021-12-26,2022-01-05,win,Arsenal,1.0,6.2,win,Crystal Palace,1.0,7.0,win,Norwich City,1.0,,draw,Newcastle,0.0,win,Burnley,2.0,lose,Wolves,-1.0,draw,Aston Villa,0.0,6.5,win,Brentford,2.0,6.7,unknown,Unknown,,,1.0,3.0,0.3333333333333333,1.3333333333333333,1.0,2.0,6.6,6.6,0.0,0.6666666666666667,1.6666666666666667,0.6666666666666667,10,12,December,2021
Victor Lindelof,Man United,Center Back,27,2021/22,78,Ill,2022-01-31,2022-02-07,draw,Aston Villa,0.0,6.5,win,Brentford,2.0,6.7,unknown,Unknown,,,win,West Ham,1.0,unknown,Unknown,,unknown,Unknown,,win,Brighton,2.0,6.7,win,Leeds,2.0,5.2,draw,Watford,0.0,6.1,1.0,2.0,1.0,3.0,1.3333333333333333,2.3333333333333335,6.6,6.0,-0.5999999999999996,0.0,-1.0,0.0,7,1,January,2022
Victor Lindelof,Man United,Center Back,28,2022/23,78,Back problems,2022-08-07,2022-08-31,unknown,Unknown,,,unknown,Unknown,,,unknown,Unknown,,,lose,Brighton,-1.0,lose,Brentford,-4.0,win,Liverpool,1.0,lose,Man City,-3.0,,win,Everton,1.0,6.8,unknown,Unknown,,,0.0,1.3333333333333333,-1.3333333333333333,1.0,-1.0,1.5,6.533333333333333,6.8,0.2666666666666666,1.3333333333333333,0.33333333333333326,1.3333333333333333,24,8,August,2022
Eric Bailly,Man United,Center Back,26,2019/20,77,Knee surgery,2019-07-25,2020-01-10,unknown,Unknown,,,unknown,Unknown,,,unknown,Unknown,,,win,Chelsea,4.0,draw,Wolves,0.0,lose,Crystal Palace,-1.0,win,Chelsea,2.0,5.1,win,Man City,2.0,0.0,draw,Tottenham,0.0,0.0,0.0,1.3333333333333333,1.0,1.3333333333333333,1.3333333333333333,2.3333333333333335,5.366666666666666,1.7,-3.666666666666666,-1.0,0.0,-1.0,169,7,July,2019
Eric Bailly,Man United,Center Back,26,2019/20,77,Neck injury,2020-07-20,2020-07-25,win,Bournemouth,3.0,5.2,draw,Tottenham,0.0,5.6,win,Man City,2.0,6.1,draw,West Ham,0.0,unknown,Unknown,,unknown,Unknown,,unknown,Unknown,,,unknown,Unknown,,,unknown,Unknown,,,1.6666666666666667,2.3333333333333335,0.0,1.0,0.0,1.3333333333333333,5.633333333333333,5.170833333333333,-0.46249999999999947,1.6666666666666667,1.3333333333333335,1.6666666666666667,5,7,July,2020
Eric Bailly,Man United,Center Back,27,2020/21,77,Muscle injury,2020-10-18,2020-12-01,lose,Brighton,1.0,,win,Tottenham,-5.0,4.4,lose,Newcastle,3.0,5.1,draw,Chelsea,0.0,lose,Arsenal,-1.0,win,Everton,2.0,draw,Leicester,0.0,6.8,win,Wolves,1.0,7.4,win,Aston Villa,1.0,6.3,-0.3333333333333333,1.0,0.3333333333333333,1.3333333333333333,0.6666666666666666,2.3333333333333335,4.75,6.833333333333333,2.083333333333333,-0.6666666666666666,-0.33333333333333326,-0.6666666666666666,44,10,October,2020
Eric Bailly,Man United,Center Back,27,2020/21,77,Knock,2021-01-21,2021-03-25,win,Fulham,1.0,,win,Burnley,1.0,4.2,win,Aston Villa,1.0,6.3,lose,Sheffield,-1.0,draw,Everton,0.0,unknown,Unknown,,draw,Crystal Palace,0.0,6.8,unknown,Unknown,,,unknown,Unknown,,,1.0,3.0,-0.5,0.5,0.0,1.0,5.25,6.8,1.5499999999999998,1.5,2.5,1.5,63,1,January,2021
Eric Bailly,Man United,Center Back,27,2020/21,77,Coronavirus,2021-03-31,2021-04-20,draw,Crystal Palace,0.0,6.8,unknown,Unknown,,,unknown,Unknown,,,win,Brighton,1.0,win,Tottenham,2.0,win,Burnley,2.0,win,Aston Villa,2.0,6.3,lose,Leicester,-1.0,4.4,lose,Liverpool,-2.0,,0.0,1.0,1.6666666666666667,3.0,-0.3333333333333333,1.0,6.8,5.35,-1.4500000000000002,-1.6666666666666667,-2.0,-1.6666666666666667,20,3,March,2021
Eric Bailly,Man United,Center Back,28,2021/22,77,Ankle injury,2022-02-03,2022-02-16,win,Burnley,2.0,,win,Norwich City,1.0,4.4,unknown,Unknown,,,draw,Burnley,0.0,draw,Southampton,0.0,win,Burnley,2.0,unknown,Unknown,,,unknown,Unknown,,,unknown,Unknown,,,1.5,3.0,0.6666666666666666,1.6666666666666667,0.0,1.3333333333333333,4.4,5.170833333333333,0.770833333333333,0.8333333333333334,1.3333333333333333,0.8333333333333334,13,2,February,2022
Axel Tuanzebe,Man United,Center Back,22,2019/20,73,Hip injury,2019-10-19,2019-11-23,win,Leicester,1.0,,draw,Arsenal,0.0,5.8,lose,Newcastle,-1.0,6.7,draw,Liverpool,0.0,win,Norwich City,2.0,lose,Bournemouth,-1.0,draw,Sheffield,0.0,,win,Man City,1.0,,unknown,Unknown,,,0.0,1.3333333333333333,0.3333333333333333,1.3333333333333333,0.5,2.0,6.25,6.4,0.15000000000000036,-0.3333333333333333,0.0,-0.3333333333333333,35,10,October,2019
Axel Tuanzebe,Man United,Center Back,22,2019/20,73,Hamstring strain,2019-12-18,2020-03-05,draw,Sheffield,0.0,4.6,win,Man City,1.0,,unknown,Unknown,,,lose,Watford,-2.0,win,Newcastle,3.0,win,Burnley,2.0,unknown,Unknown,,,unknown,Unknown,,,unknown,Unknown,,,0.5,2.0,1.0,2.0,0.0,1.3333333333333333,4.6,6.4,1.8000000000000007,-0.5,0.0,-0.5,78,12,December,2019
Axel Tuanzebe,Man United,Center Back,23,2020/21,73,Ankle injury,2020-06-18,2020-10-19,unknown,Unknown,,,unknown,Unknown,,,unknown,Unknown,,,lose,Crystal Palace,-2.0,win,Brighton,1.0,lose,Tottenham,-5.0,win,Everton,2.0,,unknown,Unknown,,,unknown,Unknown,,,0.0,1.3333333333333333,-2.0,1.0,2.0,3.0,5.1499999999999995,6.4,1.2500000000000009,2.0,0.33333333333333326,2.0,123,6,June,2020
Axel Tuanzebe,Man United,Center Back,24,2022/23,73,unknown injury,2022-07-13,2023-01-23,win,Everton,2.0,4.6,unknown,Unknown,,,unknown,Unknown,,,lose,Brighton,-1.0,lose,Brentford,-4.0,win,Liverpool,1.0,unknown,Unknown,,,unknown,Unknown,,,unknown,Unknown,,,2.0,3.0,-1.3333333333333333,1.0,0.0,1.3333333333333333,4.6,6.4,1.8000000000000007,3.333333333333333,2.0,3.333333333333333,194,7,July,2022
Phil Jones,Man United,Center Back,28,2019/20,70,Knock,2019-09-26,2019-10-19,unknown,Unknown,,,unknown,Unknown,,,unknown,Unknown,,,draw,Arsenal,0.0,lose,Newcastle,-1.0,unknown,Unknown,,draw,Sheffield,0.0,,unknown,Unknown,,,unknown,Unknown,,,0.0,1.3333333333333333,-0.5,0.5,0.0,1.0,6.366666666666667,6.4,0.033333333333333215,0.5,0.8333333333333333,0.5,23,9,September,2019
Phil Jones,Man United,Center Back,28,2019/20,70,Knee injury,2020-06-12,2021-09-09,lose,Burnley,-2.0,,unknown,Unknown,,,unknown,Unknown,,,draw,Tottenham,0.0,win,Sheffield,3.0,win,Brighton,3.0,unknown,Unknown,,,unknown,Unknown,,,unknown,Unknown,,,-2.0,0.0,2.0,2.3333333333333335,0.0,1.3333333333333333,6.366666666666667,6.4,0.033333333333333215,-4.0,-2.3333333333333335,-4.0,454,6,June,2020
Luke Shaw,Man United,Left Back,24,2019/20,83,Hamstring injury,2019-08-24,2019-10-07,win,Chelsea,4.0,7.2,draw,Wolves,0.0,7.5,lose,Crystal Palace,-1.0,,draw,Southampton,0.0,win,Leicester,1.0,lose,West Ham,-2.0,draw,Aston Villa,0.0,,win,Tottenham,1.0,,win,Man City,1.0,,1.0,1.3333333333333333,-0.3333333333333333,1.3333333333333333,0.6666666666666666,2.3333333333333335,7.35,6.364285714285715,-0.9857142857142849,1.3333333333333333,0.0,1.3333333333333333,44,8,August,2019
Luke Shaw,Man United,Left Back,24,2019/20,83,Muscle injury,2019-10-18,2019-11-27,win,Chelsea,4.0,7.2,draw,Wolves,0.0,7.5,lose,Crystal Palace,-1.0,,draw,Liverpool,0.0,win,Norwich City,2.0,lose,Bournemouth,-1.0,draw,Aston Villa,0.0,,win,Tottenham,1.0,,win,Man City,1.0,,1.0,1.3333333333333333,0.3333333333333333,1.3333333333333333,0.6666666666666666,2.3333333333333335,7.35,6.364285714285715,-0.9857142857142849,0.6666666666666667,0.0,0.6666666666666667,40,10,October,2019
Luke Shaw,Man United,Left Back,25,2020/21,83,Ankle injury,2020-07-14,2020-09-11,win,Bournemouth,3.0,5.2,win,Aston Villa,3.0,6.8,draw,Southampton,0.0,5.6,win,Crystal Palace,2.0,draw,West Ham,0.0,win,Leicester,2.0,lose,Crystal Palace,-2.0,6.2,win,Brighton,1.0,6.2,lose,Tottenham,-5.0,5.2,2.0,2.3333333333333335,1.3333333333333333,2.3333333333333335,-2.0,1.0,5.866666666666667,5.866666666666667,0.0,0.6666666666666667,0.0,0.6666666666666667,59,7,July,2020
Luke Shaw,Man United,Left Back,25,2020/21,83,Hamstring injury,2020-11-07,2020-12-07,draw,Chelsea,0.0,6.8,lose,Arsenal,-1.0,6.8,win,Everton,2.0,,win,West Brom,1.0,win,Southampton,1.0,win,West Ham,2.0,draw,Man City,0.0,7.3,win,Leeds,4.0,,draw,Leicester,0.0,7.0,0.3333333333333333,1.3333333333333333,1.3333333333333333,3.0,1.3333333333333333,1.6666666666666667,6.8,7.15,0.35000000000000053,-1.0,-1.6666666666666667,-1.0,30,11,November,2020
Luke Shaw,Man United,Left Back,26,2021/22,83,Head injury,2021-11-20,2021-12-07,win,Tottenham,3.0,6.9,lose,Man City,-2.0,,lose,Watford,-3.0,,draw,Chelsea,0.0,win,Arsenal,1.0,win,Crystal Palace,1.0,win,Burnley,2.0,7.4,lose,Wolves,-1.0,5.6,unknown,Unknown,,,-0.6666666666666666,1.0,0.6666666666666666,2.3333333333333335,0.5,1.5,6.9,6.5,-0.40000000000000036,-1.3333333333333333,-1.3333333333333335,-1.3333333333333333,17,11,November,2021
Luke Shaw,Man United,Left Back,26,2021/22,83,Hamstring injury,2022-01-18,2022-01-31,win,Burnley,2.0,7.4,lose,Wolves,-1.0,5.6,unknown,Unknown,,,draw,Aston Villa,0.0,win,Brentford,2.0,win,West Ham,1.0,draw,Burnley,0.0,7.4,draw,Southampton,0.0,6.5,win,Brighton,2.0,6.9,0.5,1.5,1.0,2.3333333333333335,0.6666666666666666,1.6666666666666667,6.5,6.933333333333334,0.43333333333333357,-0.5,-0.8333333333333335,-0.5,13,1,January,2022
Luke Shaw,Man United,Left Back,26,2021/22,83,Coronavirus,2022-03-02,2022-03-16,win,Brighton,2.0,6.9,win,Leeds,2.0,5.2,draw,Watford,0.0,,lose,Man City,-3.0,win,Tottenham,1.0,unknown,Unknown,,draw,Leicester,0.0,5.6,unknown,Unknown,,,unknown,Unknown,,,1.3333333333333333,2.3333333333333335,-1.0,1.5,0.0,1.0,6.050000000000001,5.6,-0.45000000000000107,2.333333333333333,0.8333333333333335,2.333333333333333,14,3,March,2022
Luke Shaw,Man United,Left Back,26,2021/22,83,Leg injury,2022-04-02,2022-05-13,draw,Leicester,0.0,5.6,unknown,Unknown,,,unknown,Unknown,,,lose,Everton,-1.0,win,Norwich City,1.0,lose,Liverpool,-4.0,lose,Brighton,-1.0,6.9,lose,Brentford,-4.0,4.2,unknown,Unknown,,,0.0,1.0,-1.3333333333333333,1.0,-2.5,0.0,5.6,5.550000000000001,-0.049999999999998934,1.3333333333333333,0.0,1.3333333333333333,41,4,April,2022
Luke Shaw,Man United,Left Back,27,2022/23,83,unknown injury,2023-04-06,2023-04-19,draw,Southampton,0.0,4.2,lose,Newcastle,-2.0,7.0,win,Brentford,1.0,,win,Everton,2.0,win,Nottm Forest,2.0,unknown,Unknown,,draw,Tottenham,0.0,7.7,win,Aston Villa,1.0,,lose,Brighton,-1.0,6.2,-0.3333333333333333,1.3333333333333333,2.0,3.0,0.0,1.3333333333333333,5.6,6.95,1.3500000000000005,-2.3333333333333335,-1.6666666666666667,-2.3333333333333335,13,4,April,2023
Brandon Williams,Man United,Left Back,19,2019/20,72,Head injury,2020-07-14,2020-07-18,win,Brighton,3.0,,win,Aston Villa,3.0,,draw,Southampton,0.0,6.0,win,Crystal Palace,2.0,unknown,Unknown,,unknown,Unknown,,draw,West Ham,0.0,5.6,win,Leicester,2.0,6.1,unknown,Unknown,,,2.0,2.3333333333333335,2.0,3.0,1.0,2.0,6.0,5.85,-0.15000000000000036,0.0,-0.6666666666666665,0.0,4,7,July,2020
Aaron Wan-Bissaka,Man United,Right Back,22,2019/20,80,Tonsillitis,2019-09-27,2019-10-19,draw,Southampton,0.0,7.6,win,Leicester,1.0,6.3,lose,West Ham,-2.0,6.6,draw,Arsenal,0.0,lose,Newcastle,-1.0,unknown,Unknown,,draw,Liverpool,0.0,6.1,win,Norwich City,2.0,7.3,lose,Bournemouth,-1.0,,-0.3333333333333333,1.3333333333333333,-0.5,0.5,0.3333333333333333,1.3333333333333333,6.833333333333333,6.699999999999999,-0.13333333333333375,0.16666666666666669,0.8333333333333333,0.16666666666666669,22,9,September,2019
Aaron Wan-Bissaka,Man United,Right Back,23,2021/22,80,Hand injury,2021-11-29,2021-12-04,lose,Man City,-2.0,6.0,lose,Watford,-3.0,6.1,draw,Chelsea,0.0,6.0,win,Arsenal,1.0,unknown,Unknown,,unknown,Unknown,,win,Burnley,2.0,6.3,lose,Wolves,-1.0,,unknown,Unknown,,,-1.6666666666666667,0.3333333333333333,1.0,3.0,0.5,1.5,6.033333333333334,6.3,0.2666666666666657,-2.666666666666667,-2.6666666666666665,-2.666666666666667,5,11,November,2021
Aaron Wan-Bissaka,Man United,Right Back,23,2021/22,80,Ill,2022-01-14,2022-01-23,win,Burnley,2.0,6.3,lose,Wolves,-1.0,,unknown,Unknown,,,draw,Aston Villa,0.0,win,Brentford,2.0,win,West Ham,1.0,win,Leeds,2.0,5.9,draw,Watford,0.0,6.1,lose,Man City,-3.0,6.0,0.5,1.5,1.0,2.3333333333333335,-0.3333333333333333,1.3333333333333333,6.3,6.0,-0.2999999999999998,-0.5,-0.8333333333333335,-0.5,9,1,January,2022
Aaron Wan-Bissaka,Man United,Right Back,24,2022/23,80,Back problems,2022-09-12,2022-10-25,win,Liverpool,1.0,,unknown,Unknown,,,unknown,Unknown,,,lose,Man City,-3.0,win,Everton,1.0,draw,Newcastle,0.0,win,Nottm Forest,3.0,7.8,win,Wolves,1.0,6.7,win,Bournemouth,4.0,6.7,1.0,3.0,-0.6666666666666666,1.3333333333333333,2.6666666666666665,3.0,6.388888888888889,7.066666666666666,0.6777777777777771,1.6666666666666665,1.6666666666666667,1.6666666666666665,43,9,September,2022
Nemanja Matic,Man United,Defensive Midfielder,31,2019/20,80,unknown injury,2019-10-20,2019-12-11,draw,Southampton,0.0,,win,Leicester,1.0,,lose,West Ham,-2.0,,draw,Liverpool,0.0,win,Norwich City,2.0,lose,Bournemouth,-1.0,win,Burnley,2.0,7.1,lose,Arsenal,-2.0,,win,Norwich City,4.0,7.6,-0.3333333333333333,1.3333333333333333,0.3333333333333333,1.3333333333333333,1.3333333333333333,2.0,6.8,7.35,0.5499999999999998,-0.6666666666666666,0.0,-0.6666666666666666,52,10,October,2019
Nemanja Matic,Man United,Defensive Midfielder,32,2021/22,80,Shin injury,2022-02-10,2022-02-18,lose,Wolves,-1.0,7.1,draw,Aston Villa,0.0,6.5,win,Brentford,2.0,,draw,Southampton,0.0,win,Brighton,2.0,unknown,Unknown,,draw,Watford,0.0,6.0,win,Tottenham,1.0,,draw,Leicester,0.0,,0.3333333333333333,1.3333333333333333,1.0,2.0,0.3333333333333333,1.6666666666666667,6.8,6.0,-0.7999999999999998,-0.6666666666666667,-0.6666666666666667,-0.6666666666666667,8,2,February,2022
Paul Pogba,Man United,Central Midfielder,27,2019/20,85,Ankle problems,2019-09-30,2019-12-23,draw,Wolves,0.0,6.7,lose,Crystal Palace,-1.0,6.9,draw,Southampton,0.0,6.4,win,Leicester,1.0,lose,West Ham,-2.0,unknown,Unknown,,draw,Arsenal,0.0,6.6,unknown,Unknown,,,unknown,Unknown,,,-0.3333333333333333,0.6666666666666666,-0.5,1.5,0.0,1.0,6.666666666666667,6.6,-0.06666666666666732,0.16666666666666669,-0.8333333333333334,0.16666666666666669,84,9,September,2019
Paul Pogba,Man United,Central Midfielder,27,2019/20,85,Ankle problems,2019-12-26,2020-06-08,draw,Arsenal,0.0,6.6,unknown,Unknown,,,unknown,Unknown,,,lose,Newcastle,-1.0,draw,Liverpool,0.0,win,West Ham,2.0,lose,Watford,-2.0,,win,Newcastle,3.0,,unknown,Unknown,,,0.0,1.0,0.3333333333333333,1.3333333333333333,0.5,1.5,6.6,7.366666666666666,0.7666666666666666,-0.3333333333333333,-0.33333333333333326,-0.3333333333333333,165,12,December,2019
Paul Pogba,Man United,Central Midfielder,28,2020/21,85,Ankle injury,2020-11-16,2020-12-03,draw,Chelsea,0.0,,lose,Arsenal,-1.0,6.0,win,Everton,2.0,,win,West Brom,1.0,win,Southampton,1.0,unknown,Unknown,,win,West Ham,2.0,8.7,draw,Man City,0.0,6.6,win,Sheffield,1.0,7.6,0.3333333333333333,1.3333333333333333,1.0,3.0,1.0,2.3333333333333335,6.0,7.633333333333333,1.6333333333333329,-0.6666666666666667,-1.6666666666666667,-0.6666666666666667,17,11,November,2020
Paul Pogba,Man United,Central Midfielder,28,2020/21,85,Hamstring injury,2021-02-04,2021-03-18,lose,Sheffield,-1.0,7.6,draw,Arsenal,0.0,6.0,draw,Everton,0.0,,draw,West Brom,0.0,win,Newcastle,2.0,draw,Chelsea,0.0,win,Brighton,1.0,8.1,win,Tottenham,2.0,7.8,win,Burnley,2.0,7.8,-0.3333333333333333,0.6666666666666666,0.6666666666666666,1.6666666666666667,1.6666666666666667,3.0,6.8,7.8999999999999995,1.0999999999999996,-1.0,-1.0,-1.0,42,2,February,2021
Paul Pogba,Man United,Central Midfielder,28,2021/22,85,Hamstring injury,2021-11-08,2022-02-03,draw,Everton,0.0,,lose,Leicester,-2.0,,lose,Liverpool,-5.0,6.0,draw,Chelsea,0.0,win,Arsenal,1.0,win,Crystal Palace,1.0,draw,Burnley,0.0,7.5,draw,Southampton,0.0,7.1,win,Brighton,2.0,7.4,-2.3333333333333335,0.3333333333333333,0.6666666666666666,2.3333333333333335,0.6666666666666666,1.6666666666666667,6.0,7.333333333333333,1.333333333333333,-3.0,-2.0,-3.0,87,11,November,2021
Paul Pogba,Man United,Central Midfielder,28,2021/22,85,Calf injury,2022-04-18,2022-05-23,lose,Everton,-1.0,,win,Norwich City,1.0,6.0,lose,Liverpool,-4.0,6.0,lose,Arsenal,-2.0,draw,Chelsea,0.0,win,Brentford,3.0,unknown,Unknown,,,unknown,Unknown,,,unknown,Unknown,,,-1.3333333333333333,1.0,0.3333333333333333,1.3333333333333333,0.0,1.3333333333333333,6.0,7.366666666666666,1.3666666666666663,-1.6666666666666665,-0.33333333333333326,-1.6666666666666665,35,4,April,2022
Scott McToMinay,Man United,Central Midfielder,23,2019/20,79,Knee injury,2019-11-11,2019-12-04,win,Norwich City,2.0,7.4,lose,Bournemouth,-1.0,5.6,win,Brighton,2.0,7.9,draw,Sheffield,0.0,draw,Aston Villa,0.0,unknown,Unknown,,win,Tottenham,1.0,6.9,win,Man City,1.0,6.9,draw,Everton,0.0,7.2,1.0,2.0,0.0,1.0,0.6666666666666666,2.3333333333333335,6.966666666666666,7.0,0.0333333333333341,1.0,1.0,1.0,23,11,November,2019
Scott McToMinay,Man United,Central Midfielder,23,2019/20,79,Knee injury,2019-12-27,2020-02-22,draw,Everton,0.0,7.2,lose,Watford,-2.0,,win,Newcastle,3.0,,win,Burnley,2.0,lose,Arsenal,-2.0,win,Norwich City,4.0,win,Watford,3.0,,draw,Everton,0.0,7.2,win,Man City,2.0,6.9,0.3333333333333333,1.3333333333333333,1.3333333333333333,2.0,1.6666666666666667,2.3333333333333335,7.2,7.050000000000001,-0.14999999999999947,-1.0,-0.6666666666666667,-1.0,57,12,December,2019
Scott McToMinay,Man United,Central Midfielder,24,2020/21,79,bruise,2020-11-22,2020-12-01,lose,Arsenal,-1.0,6.5,win,Everton,2.0,6.7,win,West Brom,1.0,7.1,win,Southampton,1.0,unknown,Unknown,,unknown,Unknown,,win,West Ham,2.0,6.8,draw,Man City,0.0,6.8,win,Sheffield,1.0,,0.6666666666666666,2.0,1.0,3.0,1.0,2.3333333333333335,6.766666666666667,6.8,0.033333333333333215,-0.33333333333333337,-1.0,-0.33333333333333337,9,11,November,2020
Scott McToMinay,Man United,Central Midfielder,24,2020/21,79,Knock,2021-02-18,2021-02-26,win,Southampton,9.0,8.3,draw,Everton,0.0,7.9,draw,West Brom,0.0,7.1,win,Newcastle,2.0,unknown,Unknown,,unknown,Unknown,,draw,Chelsea,0.0,,draw,Crystal Palace,0.0,6.1,win,Man City,2.0,6.8,3.0,1.6666666666666667,2.0,3.0,0.6666666666666666,1.6666666666666667,7.766666666666667,6.449999999999999,-1.3166666666666673,1.0,-1.3333333333333333,1.0,8,2,February,2021
Scott McToMinay,Man United,Central Midfielder,24,2021/22,79,Groin injury,2021-08-26,2021-09-16,win,Leeds,4.0,6.0,draw,Southampton,0.0,,unknown,Unknown,,,win,Wolves,1.0,win,Newcastle,2.0,unknown,Unknown,,win,West Ham,1.0,6.6,lose,Aston Villa,-1.0,6.3,draw,Everton,0.0,6.9,2.0,2.0,1.5,3.0,0.0,1.3333333333333333,6.0,6.6000000000000005,0.6000000000000005,0.5,-1.0,0.5,21,8,August,2021
Scott McToMinay,Man United,Central Midfielder,25,2021/22,79,Foot injury,2022-04-06,2022-04-18,win,Leeds,2.0,6.0,lose,Man City,-3.0,6.6,draw,Leicester,0.0,6.6,lose,Everton,-1.0,win,Norwich City,1.0,unknown,Unknown,,lose,Arsenal,-2.0,5.7,draw,Chelsea,0.0,6.9,win,Brentford,3.0,7.9,-0.3333333333333333,1.3333333333333333,0.0,1.5,0.3333333333333333,1.3333333333333333,6.3999999999999995,6.833333333333333,0.43333333333333357,-0.3333333333333333,-0.16666666666666674,-0.3333333333333333,12,4,April,2022
Scott McToMinay,Man United,Central Midfielder,26,2022/23,79,unknown injury,2023-01-27,2023-02-18,win,Man City,1.0,6.2,draw,Crystal Palace,0.0,,lose,Arsenal,-1.0,6.9,win,Crystal Palace,1.0,draw,Leeds,0.0,win,Leeds,2.0,win,Leicester,3.0,,lose,Liverpool,-7.0,,draw,Southampton,0.0,,0.0,1.3333333333333333,1.0,2.3333333333333335,-1.3333333333333333,1.3333333333333333,6.550000000000001,6.704761904761905,0.1547619047619042,-1.0,-1.0000000000000002,-1.0,22,1,January,2023
Scott McToMinay,Man United,Central Midfielder,26,2022/23,79,unknown injury,2023-04-09,2023-05-11,lose,Newcastle,-2.0,,win,Brentford,1.0,6.1,win,Everton,2.0,,win,Nottm Forest,2.0,draw,Tottenham,0.0,win,Aston Villa,1.0,win,Bournemouth,1.0,6.2,win,Chelsea,3.0,,win,Fulham,1.0,,0.3333333333333333,2.0,1.0,2.3333333333333335,1.6666666666666667,3.0,6.1,6.2,0.10000000000000053,-0.6666666666666667,-0.3333333333333335,-0.6666666666666667,32,4,April,2023
Fred,Man United,Central Midfielder,27,2021/22,79,Coronavirus,2022-02-07,2022-02-14,draw,Aston Villa,0.0,6.0,win,Brentford,2.0,6.0,win,West Ham,1.0,6.0,draw,Burnley,0.0,draw,Southampton,0.0,unknown,Unknown,,win,Brighton,2.0,6.0,win,Leeds,2.0,6.0,draw,Watford,0.0,6.0,1.0,2.3333333333333335,0.0,1.0,1.3333333333333333,2.3333333333333335,6.0,6.0,0.0,1.0,1.3333333333333335,1.0,7,2,February,2022
Fred,Man United,Central Midfielder,27,2021/22,79,Hip flexor problems,2022-04-09,2022-04-30,win,Tottenham,1.0,6.2,draw,Leicester,0.0,6.0,lose,Everton,-1.0,6.0,win,Norwich City,1.0,lose,Liverpool,-4.0,lose,Arsenal,-2.0,win,Brentford,3.0,6.0,lose,Brighton,-4.0,6.0,lose,Crystal Palace,-1.0,6.4,0.0,1.3333333333333333,-1.6666666666666667,1.0,-0.6666666666666666,1.0,6.066666666666666,6.133333333333333,0.06666666666666643,1.6666666666666667,0.33333333333333326,1.6666666666666667,21,4,April,2022
Bruno Fernandes,Man United,Attacking Midfielder,25,2021/22,88,Ill,2022-03-12,2022-03-14,win,Leeds,2.0,6.0,draw,Watford,0.0,0.0,lose,Man City,-3.0,5.8,win,Tottenham,1.0,unknown,Unknown,,unknown,Unknown,,draw,Leicester,0.0,7.5,lose,Everton,-1.0,7.7,win,Norwich City,1.0,7.0,-0.3333333333333333,1.3333333333333333,1.0,3.0,0.0,1.3333333333333333,3.9333333333333336,7.3999999999999995,3.466666666666666,-1.3333333333333333,-1.6666666666666667,-1.3333333333333333,2,3,March,2022
Jesse Lingard,Man United,Attacking Midfielder,27,2019/20,78,Ill,2019-09-07,2019-09-18,draw,Wolves,0.0,,lose,Crystal Palace,-1.0,,draw,Southampton,0.0,,win,Leicester,1.0,unknown,Unknown,,unknown,Unknown,,lose,West Ham,-2.0,,draw,Arsenal,0.0,,unknown,Unknown,,,-0.3333333333333333,0.6666666666666666,1.0,3.0,-1.0,0.5,6.1,6.4,0.3000000000000007,-1.3333333333333333,-2.3333333333333335,-1.3333333333333333,11,9,September,2019
Jesse Lingard,Man United,Attacking Midfielder,27,2019/20,78,Hamstring injury,2019-10-04,2019-10-23,lose,West Ham,-2.0,,draw,Arsenal,0.0,,unknown,Unknown,,,lose,Newcastle,-1.0,draw,Liverpool,0.0,unknown,Unknown,,win,Norwich City,2.0,,lose,Bournemouth,-1.0,,win,Brighton,2.0,,-1.0,0.5,-0.5,0.5,1.0,2.0,6.1,6.4,0.3000000000000007,-0.5,0.0,-0.5,19,10,October,2019
Jesse Lingard,Man United,Attacking Midfielder,27,2019/20,78,Ill,2020-01-09,2020-01-14,win,Newcastle,3.0,,win,Burnley,2.0,6.1,lose,Arsenal,-2.0,,win,Norwich City,4.0,unknown,Unknown,,unknown,Unknown,,lose,Burnley,-2.0,,draw,Wolves,0.0,,unknown,Unknown,,,1.0,2.0,4.0,3.0,-1.0,0.5,6.1,6.4,0.3000000000000007,-3.0,-1.0,-3.0,5,1,January,2020
Juan Mata,Man United,Attacking Midfielder,32,2020/21,78,Muscle injury,2021-02-25,2021-04-03,win,Newcastle,2.0,6.0,unknown,Unknown,,,unknown,Unknown,,,draw,Chelsea,0.0,draw,Crystal Palace,0.0,win,Man City,2.0,lose,Leicester,-1.0,5.9,win,Wolves,1.0,7.3,unknown,Unknown,,,2.0,3.0,0.6666666666666666,1.6666666666666667,0.0,1.5,6.0,6.6,0.5999999999999996,1.3333333333333335,1.3333333333333333,1.3333333333333335,37,2,February,2021
Marcus Rashford,Man United,Left winger,22,2019/20,85,Back injury,2020-01-16,2020-06-05,win,Burnley,2.0,7.5,lose,Arsenal,-2.0,5.8,win,Norwich City,4.0,9.0,lose,Liverpool,-2.0,lose,Burnley,-2.0,draw,Wolves,0.0,draw,Tottenham,0.0,6.2,win,Sheffield,3.0,8.3,win,Brighton,3.0,,1.3333333333333333,2.0,-1.3333333333333333,0.3333333333333333,2.0,2.3333333333333335,7.433333333333334,7.25,-0.18333333333333357,2.6666666666666665,1.6666666666666667,2.6666666666666665,141,1,January,2020
Marcus Rashford,Man United,Left winger,23,2021/22,85,Shoulder injury,2021-07-14,2021-10-15,unknown,Unknown,,,unknown,Unknown,,,unknown,Unknown,,,win,Leeds,4.0,draw,Southampton,0.0,win,Wolves,1.0,lose,Leicester,-2.0,,lose,Liverpool,-5.0,,win,Tottenham,3.0,,0.0,1.3333333333333333,1.6666666666666667,2.3333333333333335,-1.3333333333333333,1.0,6.4799999999999995,6.743333333333334,0.26333333333333453,-1.6666666666666667,-1.0000000000000002,-1.6666666666666667,93,7,July,2021
Marcus Rashford,Man United,Left winger,24,2021/22,85,Dead leg,2022-01-13,2022-01-17,win,Norwich City,1.0,6.0,draw,Newcastle,0.0,6.9,lose,Wolves,-1.0,7.0,draw,Aston Villa,0.0,unknown,Unknown,,unknown,Unknown,,win,Brentford,2.0,7.2,win,West Ham,1.0,7.0,draw,Burnley,0.0,,0.0,1.3333333333333333,0.0,1.0,1.0,2.3333333333333335,6.633333333333333,7.1,0.4666666666666668,0.0,0.33333333333333326,0.0,4,1,January,2022
Marcus Rashford,Man United,Left winger,24,2021/22,85,bronchitis,2022-05-04,2022-05-19,lose,Liverpool,-4.0,5.8,lose,Arsenal,-2.0,6.0,draw,Chelsea,0.0,5.3,lose,Brighton,-4.0,lose,Crystal Palace,-1.0,unknown,Unknown,,lose,Brighton,-1.0,6.0,lose,Brentford,-4.0,6.0,win,Liverpool,2.0,5.8,-2.0,0.3333333333333333,-2.5,0.0,-1.0,1.0,5.7,5.933333333333334,0.2333333333333334,0.5,0.3333333333333333,0.5,15,5,May,2022
Marcus Rashford,Man United,Left winger,24,2022/23,85,Muscle injury,2023-04-08,2023-04-19,lose,Newcastle,-2.0,6.0,win,Brentford,1.0,6.2,win,Everton,2.0,6.7,win,Nottm Forest,2.0,unknown,Unknown,,unknown,Unknown,,draw,Tottenham,0.0,6.6,win,Aston Villa,1.0,5.9,lose,Brighton,-1.0,6.5,0.3333333333333333,2.0,2.0,3.0,0.0,1.3333333333333333,6.3,6.333333333333333,0.033333333333333215,-1.6666666666666667,-1.0,-1.6666666666666667,11,4,April,2023
Marcus Rashford,Man United,Left winger,25,2022/23,85,Leg injury,2023-05-11,2023-05-24,win,Aston Villa,1.0,5.9,lose,Brighton,-1.0,6.5,lose,West Ham,-1.0,6.6,win,Wolves,2.0,win,Bournemouth,1.0,unknown,Unknown,,win,Chelsea,3.0,7.7,win,Fulham,1.0,6.5,unknown,Unknown,,,-0.3333333333333333,1.0,1.5,3.0,2.0,3.0,6.333333333333333,7.1,0.7666666666666666,-1.8333333333333333,-2.0,-1.8333333333333333,13,5,May,2023
Mason Greenwood,Man United,Right winger,18,2019/20,78,Tonsillitis,2019-09-20,2019-09-23,draw,Wolves,0.0,,lose,Crystal Palace,-1.0,,draw,Southampton,0.0,,lose,West Ham,-2.0,unknown,Unknown,,unknown,Unknown,,draw,Arsenal,0.0,,lose,Newcastle,-1.0,7.6,win,Norwich City,2.0,,-0.3333333333333333,0.6666666666666666,-2.0,0.0,0.3333333333333333,1.3333333333333333,6.491666666666667,7.6,1.1083333333333325,1.6666666666666667,0.6666666666666666,1.6666666666666667,3,9,September,2019
Mason Greenwood,Man United,Right winger,19,2020/21,78,bruise,2020-10-17,2020-11-23,lose,Tottenham,-5.0,7.6,draw,Chelsea,0.0,5.5,lose,Arsenal,-1.0,,win,Newcastle,3.0,win,Everton,2.0,win,West Brom,1.0,win,Southampton,1.0,7.7,win,West Ham,2.0,7.1,draw,Man City,0.0,,-2.0,0.3333333333333333,2.0,3.0,1.0,2.3333333333333335,6.55,7.4,0.8500000000000005,-4.0,-2.6666666666666665,-4.0,37,10,October,2020
Mason Greenwood,Man United,Right winger,20,2021/22,78,Coronavirus,2021-11-19,2021-11-27,lose,Leicester,-2.0,6.9,lose,Liverpool,-5.0,6.5,lose,Man City,-2.0,5.9,lose,Watford,-3.0,unknown,Unknown,,unknown,Unknown,,win,Crystal Palace,1.0,6.7,win,Norwich City,1.0,6.0,draw,Newcastle,0.0,5.8,-3.0,0.0,-3.0,0.0,0.6666666666666666,2.3333333333333335,6.433333333333334,6.166666666666667,-0.2666666666666666,0.0,0.0,0.0,8,11,November,2021
Daniel James,Man United,Right winger,22,2019/20,77,Knock,2020-02-28,2020-03-07,draw,Wolves,0.0,,win,Chelsea,2.0,6.7,win,Watford,3.0,6.5,draw,Everton,0.0,unknown,Unknown,,unknown,Unknown,,win,Man City,2.0,6.0,draw,Tottenham,0.0,,win,Sheffield,3.0,,1.6666666666666667,2.3333333333333335,0.0,1.0,1.6666666666666667,2.3333333333333335,6.6,6.0,-0.5999999999999996,1.6666666666666667,1.3333333333333335,1.6666666666666667,8,2,February,2020
Daniel James,Man United,Right winger,23,2020/21,77,unknown injury,2021-04-30,2021-05-21,draw,Leeds,0.0,6.0,win,Brighton,1.0,,win,West Ham,1.0,6.0,win,Aston Villa,2.0,lose,Leicester,-1.0,lose,Liverpool,-2.0,win,Wolves,1.0,,unknown,Unknown,,,unknown,Unknown,,,0.6666666666666666,2.3333333333333335,-0.3333333333333333,1.0,1.0,3.0,6.0,6.0,0.0,1.0,1.3333333333333335,1.0,21,4,April,2021
Anthony Martial,Man United,Center Forward,24,2019/20,79,Hamstring strain,2019-08-25,2019-10-20,win,Chelsea,4.0,,draw,Wolves,0.0,6.4,lose,Crystal Palace,-1.0,6.7,draw,Southampton,0.0,win,Leicester,1.0,lose,West Ham,-2.0,draw,Liverpool,0.0,,win,Norwich City,2.0,7.2,lose,Bournemouth,-1.0,5.8,1.0,1.3333333333333333,-0.3333333333333333,1.3333333333333333,0.3333333333333333,1.3333333333333333,6.550000000000001,6.5,-0.05000000000000071,1.3333333333333333,0.0,1.3333333333333333,56,8,August,2019
Anthony Martial,Man United,Center Forward,25,2020/21,79,Torn knee ligaments,2021-03-29,2021-08-02,win,Newcastle,2.0,,draw,Chelsea,0.0,6.0,win,Man City,2.0,,win,Brighton,1.0,win,Tottenham,2.0,win,Burnley,2.0,unknown,Unknown,,,unknown,Unknown,,,unknown,Unknown,,,1.3333333333333333,2.3333333333333335,1.6666666666666667,3.0,0.0,1.3333333333333333,6.0,6.844444444444445,0.844444444444445,-0.3333333333333335,-0.6666666666666665,-0.3333333333333335,126,3,March,2021
Anthony Martial,Man United,Center Forward,26,2021/22,79,Fitness,2021-10-15,2021-10-29,win,Wolves,1.0,6.0,win,Newcastle,3.0,6.2,draw,Everton,0.0,,lose,Leicester,-2.0,lose,Liverpool,-5.0,unknown,Unknown,,lose,Watford,-3.0,7.0,win,Arsenal,1.0,7.0,unknown,Unknown,,,1.3333333333333333,2.3333333333333335,-3.5,0.0,-1.0,1.5,6.1,7.0,0.9000000000000004,4.833333333333333,2.3333333333333335,4.833333333333333,14,10,October,2021
Anthony Martial,Man United,Center Forward,26,2021/22,79,Knee injury,2021-12-04,2021-12-13,lose,Watford,-3.0,7.0,win,Arsenal,1.0,7.2,unknown,Unknown,,,win,Crystal Palace,1.0,win,Norwich City,1.0,unknown,Unknown,,win,West Ham,1.0,7.2,unknown,Unknown,,,unknown,Unknown,,,-1.0,1.5,1.0,3.0,1.0,3.0,7.1,7.2,0.10000000000000053,-2.0,-1.5,-2.0,9,12,December,2021
Anthony Martial,Man United,Center Forward,27,2022/23,79,Achilles tendon irritation,2022-08-23,2022-09-26,win,Liverpool,1.0,6.1,unknown,Unknown,,,unknown,Unknown,,,win,Southampton,1.0,win,Leicester,1.0,win,Arsenal,2.0,lose,Man City,-3.0,6.9,win,Everton,1.0,6.7,unknown,Unknown,,,1.0,3.0,1.3333333333333333,3.0,-1.0,1.5,6.1,6.800000000000001,0.7000000000000011,-0.33333333333333326,0.0,-0.33333333333333326,34,8,August,2022
Anthony Martial,Man United,Center Forward,27,2022/23,79,Back injury,2022-10-10,2022-10-31,lose,Man City,-3.0,6.9,win,Everton,1.0,6.7,unknown,Unknown,,,draw,Newcastle,0.0,win,Tottenham,,draw,Chelsea,0.0,lose,Aston Villa,-2.0,5.9,win,Fulham,1.0,6.5,win,Nottm Forest,3.0,7.6,-1.0,1.5,0.0,1.6666666666666667,0.6666666666666666,2.0,6.800000000000001,6.666666666666667,-0.13333333333333375,-1.0,-0.16666666666666674,-1.0,21,10,October,2022
Anthony Martial,Man United,Center Forward,27,2022/23,79,Hip injury,2023-02-02,2023-03-08,win,Wolves,1.0,7.3,win,Bournemouth,3.0,7.4,win,Man City,1.0,,win,Crystal Palace,1.0,draw,Leeds,0.0,win,Leeds,2.0,lose,Newcastle,-2.0,5.5,win,Brentford,1.0,7.7,win,Everton,2.0,7.5,1.6666666666666667,3.0,1.0,2.3333333333333335,0.3333333333333333,2.0,7.35,6.8999999999999995,-0.4500000000000002,0.6666666666666667,0.6666666666666665,0.6666666666666667,34,2,February,2023
Donny Van De Beek,Man United,Central Midfielder,30,2020/21,77,Muscle injury,2021-03-01,2021-03-15,lose,Sheffield,-1.0,,win,Southampton,9.0,6.5,draw,West Brom,0.0,,draw,Crystal Palace,0.0,win,Man City,2.0,win,West Ham,1.0,win,Brighton,1.0,,win,Burnley,2.0,,draw,Leeds,0.0,,2.6666666666666665,1.3333333333333333,1.0,2.3333333333333335,1.0,2.3333333333333335,6.5,5.4,-1.0999999999999996,1.6666666666666665,-1.0000000000000002,1.6666666666666665,14,3,March,2021
Donny Van De Beek,Man United,Central Midfielder,32,2022/23,77,Shingles,2022-09-03,2022-10-24,lose,Brighton,-1.0,6.0,lose,Brentford,-4.0,6.2,win,Liverpool,1.0,6.2,win,Arsenal,2.0,lose,Man City,-3.0,win,Everton,1.0,lose,Aston Villa,-2.0,,win,Nottm Forest,3.0,5.6,win,Wolves,1.0,5.2,-1.3333333333333333,1.0,0.0,2.0,0.6666666666666666,2.0,6.133333333333333,5.4,-0.7333333333333325,-1.3333333333333333,-1.0,-1.3333333333333333,51,9,September,2022
Edinson Cavani,Man United,Center Forward,34,2020/21,81,Knock,2020-12-06,2020-12-18,win,West Brom,1.0,,win,Southampton,1.0,,win,West Ham,2.0,6.0,draw,Man City,0.0,win,Sheffield,1.0,unknown,Unknown,,win,Leeds,4.0,6.2,draw,Leicester,0.0,6.4,win,Wolves,1.0,5.8,1.3333333333333333,3.0,0.5,2.0,1.6666666666666667,2.3333333333333335,6.0,6.133333333333333,0.13333333333333286,0.8333333333333333,1.0,0.8333333333333333,12,12,December,2020
Edinson Cavani,Man United,Center Forward,34,2020/21,81,Muscle injury,2021-02-15,2021-03-01,win,Southampton,9.0,9.2,draw,Everton,0.0,6.2,draw,West Brom,0.0,,win,Newcastle,2.0,draw,Chelsea,0.0,unknown,Unknown,,draw,Crystal Palace,0.0,5.8,unknown,Unknown,,,unknown,Unknown,,,3.0,1.6666666666666667,1.0,2.0,0.0,1.0,7.699999999999999,5.8,-1.8999999999999995,2.0,-0.33333333333333326,2.0,14,2,February,2021
Edinson Cavani,Man United,Center Forward,34,2020/21,81,Knock,2021-03-05,2021-03-21,draw,Everton,0.0,6.2,draw,West Brom,0.0,,draw,Crystal Palace,0.0,,win,Man City,2.0,win,West Ham,1.0,unknown,Unknown,,win,Brighton,1.0,5.5,win,Tottenham,2.0,7.1,win,Burnley,2.0,,0.0,1.0,1.5,3.0,1.6666666666666667,3.0,6.2,6.3,0.09999999999999964,-1.5,-2.0,-1.5,16,3,March,2021
Edinson Cavani,Man United,Center Forward,35,2021/22,81,Tendon irritation,2021-11-04,2021-12-22,draw,Everton,0.0,6.5,win,Tottenham,3.0,6.2,lose,Liverpool,-5.0,6.0,lose,Man City,-2.0,lose,Watford,-3.0,draw,Chelsea,0.0,draw,Newcastle,0.0,6.0,win,Burnley,2.0,6.2,lose,Wolves,-1.0,6.0,-0.6666666666666666,1.3333333333333333,-1.6666666666666667,0.3333333333333333,0.3333333333333333,1.3333333333333333,6.233333333333333,6.066666666666666,-0.16666666666666696,1.0,1.0,1.0,48,11,November,2021
Edinson Cavani,Man United,Center Forward,35,2021/22,81,Groin problems,2022-02-11,2022-03-07,draw,Aston Villa,0.0,6.2,win,West Ham,1.0,6.4,draw,Burnley,0.0,5.6,draw,Southampton,0.0,win,Brighton,2.0,win,Leeds,2.0,win,Tottenham,1.0,5.6,unknown,Unknown,,,unknown,Unknown,,,0.3333333333333333,1.6666666666666667,1.3333333333333333,2.3333333333333335,1.0,3.0,6.066666666666666,5.6,-0.4666666666666668,-1.0,-0.6666666666666667,-1.0,24,2,February,2022
Edinson Cavani,Man United,Center Forward,35,2021/22,81,Calf injury,2022-04-01,2022-04-30,win,Tottenham,1.0,5.6,unknown,Unknown,,,unknown,Unknown,,,draw,Leicester,0.0,lose,Everton,-1.0,win,Norwich City,1.0,win,Brentford,3.0,6.2,lose,Brighton,-4.0,5.0,lose,Crystal Palace,-1.0,5.6,1.0,3.0,0.0,1.3333333333333333,-0.6666666666666666,1.0,5.6,5.6000000000000005,8.881784197001252e-16,1.0,1.6666666666666667,1.0,29,4,April,2022
Raphael Varane,Man United,Center Back,30,2021/22,85,Groin injury,2021-10-11,2021-10-26,win,West Ham,1.0,7.2,lose,Aston Villa,-1.0,6.2,draw,Everton,0.0,6.4,lose,Leicester,-2.0,lose,Liverpool,-5.0,unknown,Unknown,,win,Tottenham,3.0,6.2,unknown,Unknown,,,unknown,Unknown,,,0.0,1.3333333333333333,-3.5,0.0,3.0,3.0,6.6000000000000005,6.2,-0.40000000000000036,3.5,1.3333333333333333,3.5,15,10,October,2021
Raphael Varane,Man United,Center Back,30,2021/22,85,Hamstring injury,2021-11-02,2021-12-22,win,Tottenham,3.0,6.2,draw,Everton,0.0,6.4,lose,Aston Villa,-1.0,6.2,lose,Man City,-2.0,lose,Watford,-3.0,draw,Chelsea,0.0,draw,Newcastle,0.0,6.6,win,Burnley,2.0,6.4,lose,Wolves,-1.0,6.6,0.6666666666666666,1.3333333333333333,-1.6666666666666667,0.3333333333333333,0.3333333333333333,1.3333333333333333,6.266666666666667,6.533333333333334,0.2666666666666675,2.3333333333333335,1.0,2.3333333333333335,50,11,November,2021
Raphael Varane,Man United,Center Back,30,2021/22,85,abdominal problems,2022-02-14,2022-02-18,win,West Ham,1.0,7.2,draw,Burnley,0.0,6.4,draw,Southampton,0.0,6.3,win,Brighton,2.0,unknown,Unknown,,unknown,Unknown,,win,Leeds,2.0,6.3,draw,Watford,0.0,6.5,win,Tottenham,1.0,6.2,0.3333333333333333,1.6666666666666667,2.0,3.0,1.0,2.3333333333333335,6.633333333333333,6.333333333333333,-0.2999999999999998,-1.6666666666666667,-1.3333333333333333,-1.6666666666666667,4,2,February,2022
Raphael Varane,Man United,Center Back,30,2021/22,85,muscular problems,2022-04-03,2022-04-21,draw,Watford,0.0,6.5,win,Tottenham,1.0,6.2,draw,Leicester,0.0,6.9,lose,Everton,-1.0,win,Norwich City,1.0,lose,Liverpool,-4.0,lose,Arsenal,-2.0,5.7,draw,Chelsea,0.0,6.1,win,Brentford,3.0,8.1,0.3333333333333333,1.6666666666666667,-1.3333333333333333,1.0,0.3333333333333333,1.3333333333333333,6.533333333333334,6.633333333333333,0.09999999999999876,1.6666666666666665,0.6666666666666667,1.6666666666666665,18,4,April,2022
Raphael Varane,Man United,Center Back,31,2022/23,85,Leg injury,2022-10-22,2022-11-14,draw,Newcastle,0.0,,win,Tottenham,2.0,6.9,draw,Chelsea,0.0,,win,West Ham,1.0,lose,Aston Villa,-2.0,win,Fulham,1.0,win,Nottm Forest,3.0,,win,Wolves,1.0,6.9,win,Man City,1.0,6.7,0.6666666666666666,1.6666666666666667,0.0,2.0,1.6666666666666667,3.0,6.9,6.800000000000001,-0.09999999999999964,0.6666666666666666,-0.33333333333333326,0.6666666666666666,23,10,October,2022
Raphael Varane,Man United,Center Back,31,2022/23,85,Foot injury,2023-04-14,2023-05-08,draw,Southampton,0.0,6.5,lose,Newcastle,-2.0,6.0,win,Brentford,1.0,7.3,win,Nottm Forest,2.0,draw,Tottenham,0.0,win,Aston Villa,1.0,win,Wolves,2.0,6.9,win,Bournemouth,1.0,7.2,win,Chelsea,3.0,6.3,-0.3333333333333333,1.3333333333333333,1.0,2.3333333333333335,2.0,3.0,6.6000000000000005,6.8,0.1999999999999993,-1.3333333333333333,-1.0000000000000002,-1.3333333333333333,24,4,April,2023
Christiano Ronaldo,Man United,Center Forward,39,2021/22,90,Hip flexor problems,2022-01-10,2022-01-17,draw,Newcastle,0.0,8.0,win,Burnley,2.0,7.0,lose,Wolves,-1.0,7.0,draw,Aston Villa,0.0,unknown,Unknown,,unknown,Unknown,,win,Brentford,2.0,7.0,win,West Ham,1.0,7.0,draw,Burnley,0.0,7.0,0.3333333333333333,1.3333333333333333,0.0,1.0,1.0,2.3333333333333335,7.333333333333333,7.0,-0.33333333333333304,0.3333333333333333,0.33333333333333326,0.3333333333333333,7,1,January,2022
Christiano Ronaldo,Man United,Center Forward,39,2021/22,90,Hip flexor problems,2022-03-03,2022-03-07,win,Brighton,2.0,7.0,win,Leeds,2.0,6.0,draw,Watford,0.0,7.0,lose,Man City,-3.0,unknown,Unknown,,unknown,Unknown,,win,Tottenham,1.0,7.0,lose,Everton,-1.0,8.0,win,Norwich City,1.0,6.0,1.3333333333333333,2.3333333333333335,-3.0,0.0,0.3333333333333333,2.0,6.666666666666667,7.0,0.33333333333333304,4.333333333333333,2.3333333333333335,4.333333333333333,4,3,March,2022
Lisandro Martinez,Man United,Center Back,28,2022/23,84,Metatarsal fracture,2023-04-14,2023-06-30,lose,Newcastle,-2.0,,win,Brentford,1.0,7.8,win,Everton,2.0,7.4,win,Nottm Forest,2.0,draw,Tottenham,0.0,win,Aston Villa,1.0,unknown,Unknown,,,unknown,Unknown,,,unknown,Unknown,,,0.3333333333333333,2.0,1.0,2.3333333333333335,0.0,1.3333333333333333,7.6,6.4,-1.1999999999999993,-0.6666666666666667,-0.3333333333333335,-0.6666666666666667,77,4,April,2023
Christian Eriksen,Man United,Central Midfielder,33,2022/23,83,Ankle injury,2023-01-29,2023-04-06,win,Man City,1.0,,draw,Crystal Palace,0.0,6.0,lose,Arsenal,-1.0,6.3,win,Crystal Palace,1.0,draw,Leeds,0.0,win,Leeds,2.0,win,Everton,2.0,6.0,win,Nottm Forest,2.0,7.2,draw,Tottenham,0.0,7.0,0.0,1.3333333333333333,1.0,2.3333333333333335,1.3333333333333333,2.3333333333333335,6.15,6.733333333333333,0.583333333333333,-1.0,-1.0000000000000002,-1.0,67,1,January,2023
Marcel Sabitzer,Man United,Central Midfielder,32,2022/23,81,unknown injury,2023-03-06,2023-03-14,win,Leeds,2.0,6.0,win,Leicester,3.0,6.9,lose,Liverpool,-7.0,7.0,draw,Southampton,0.0,unknown,Unknown,,unknown,Unknown,,lose,Newcastle,-2.0,6.1,win,Brentford,1.0,7.1,win,Everton,2.0,,-0.6666666666666666,2.0,0.0,1.0,0.3333333333333333,2.0,6.633333333333333,6.6,-0.033333333333333215,-0.6666666666666666,1.0,-0.6666666666666666,8,3,March,2023
Marcel Sabitzer,Man United,Central Midfielder,32,2022/23,81,Groin problems,2023-04-16,2023-04-19,lose,Newcastle,-2.0,6.1,win,Brentford,1.0,6.4,win,Everton,2.0,,win,Nottm Forest,2.0,unknown,Unknown,,unknown,Unknown,,win,Aston Villa,1.0,6.3,lose,Brighton,-1.0,7.0,lose,West Ham,-1.0,,0.3333333333333333,2.0,2.0,3.0,-0.3333333333333333,1.0,6.25,6.65,0.40000000000000036,-1.6666666666666667,-1.0,-1.6666666666666667,3,4,April,2023
Marcel Sabitzer,Man United,Central Midfielder,32,2022/23,81,Meniscus injury,2023-05-10,2023-06-15,win,Aston Villa,1.0,6.3,lose,Brighton,-1.0,7.0,lose,West Ham,-1.0,,win,Wolves,2.0,win,Bournemouth,1.0,win,Chelsea,3.0,unknown,Unknown,,,unknown,Unknown,,,unknown,Unknown,,,-0.3333333333333333,1.0,2.0,3.0,0.0,1.3333333333333333,6.65,6.625,-0.025000000000000355,-2.3333333333333335,-2.0,-2.3333333333333335,36,5,May,2023
Jadon Sancho,Man United,Left winger,19,2021/22,82,Tonsillitis,2022-04-26,2022-05-08,win,Norwich City,1.0,,lose,Liverpool,-4.0,5.0,lose,Arsenal,-2.0,6.6,draw,Chelsea,0.0,win,Brentford,,lose,Brighton,-4.0,unknown,Unknown,,,unknown,Unknown,,,unknown,Unknown,,,-1.6666666666666667,1.0,-2.0,1.3333333333333333,0.0,1.3333333333333333,5.8,6.2,0.40000000000000036,0.33333333333333326,-0.33333333333333326,0.33333333333333326,12,4,April,2022
Jadon Sancho,Man United,Left winger,20,2022/23,82,depression,2022-12-26,2023-01-31,draw,Newcastle,0.0,6.0,win,Tottenham,2.0,6.0,draw,Chelsea,0.0,,win,Nottm Forest,3.0,win,Wolves,1.0,win,Bournemouth,3.0,draw,Leeds,0.0,6.2,win,Leeds,2.0,6.2,win,Leicester,3.0,,0.6666666666666666,1.6666666666666667,2.3333333333333335,3.0,1.6666666666666667,2.3333333333333335,6.0,6.2,0.20000000000000018,-1.666666666666667,-1.3333333333333333,-1.666666666666667,36,12,December,2022
David Raya,Brentford,Goalkeeper,26,2021/22,80,Knee injury,2021-10-25,2022-02-04,win,West Ham,1.0,6.9,lose,Chelsea,-1.0,6.3,lose,Leicester,-1.0,6.5,lose,Burnley,-2.0,lose,Norwich City,-1.0,draw,Newcastle,0.0,lose,Man City,-2.0,5.5,draw,Crystal Palace,0.0,7.0,lose,Arsenal,-1.0,6.5,-0.3333333333333333,1.0,-1.0,0.3333333333333333,-1.0,0.3333333333333333,6.566666666666666,6.333333333333333,-0.2333333333333334,0.6666666666666667,0.6666666666666667,0.6666666666666667,102,10,October,2021
Kristoffer Ajer,Brentford,Center Back,24,2021/22,76,Hamstring injury,2022-07-09,2022-08-31,win,Southampton,3.0,8.1,win,Everton,1.0,,lose,Leeds,-1.0,7.0,draw,Leicester,0.0,win,Man United,4.0,lose,Fulham,-1.0,lose,Arsenal,-3.0,7.4,draw,Bournemouth,0.0,7.0,lose,Newcastle,-4.0,,1.0,2.0,1.0,1.3333333333333333,-2.3333333333333335,0.3333333333333333,7.55,7.2,-0.34999999999999964,0.0,0.6666666666666667,0.0,53,7,July,2022
Kristoffer Ajer,Brentford,Center Back,26,2023/24,76,Foot injury,2023-12-02,2024-01-16,win,West Ham,1.0,,lose,Liverpool,-3.0,5.1,lose,Arsenal,-1.0,5.9,win,Luton Town,2.0,lose,Brighton,-1.0,lose,Sheffield,-1.0,win,Nottm Forest,1.0,,lose,Tottenham,-1.0,,lose,Man City,-2.0,,-1.0,1.0,0.0,1.0,-0.6666666666666666,1.0,5.5,7.2,1.7000000000000002,-1.0,0.0,-1.0,45,12,December,2023
Kristoffer Ajer,Brentford,Center Back,26,2023/24,76,Calf strain,2024-04-06,2024-04-20,draw,Man United,0.0,7.6,draw,Brighton,0.0,6.7,draw,Aston Villa,0.0,5.6,win,Sheffield,2.0,unknown,Unknown,,unknown,Unknown,,win,Luton Town,4.0,,lose,Everton,-1.0,,draw,Fulham,0.0,,0.0,1.0,2.0,3.0,1.0,1.3333333333333333,6.633333333333333,7.2,0.5666666666666673,-2.0,-2.0,-2.0,14,4,April,2024
Ethan Pinnock,Brentford,Center Back,29,2023/24,79,Ankle injury,2024-02-10,2024-04-13,lose,Tottenham,-1.0,6.0,lose,Man City,-2.0,5.6,win,Wolves,2.0,6.9,lose,Liverpool,-3.0,lose,Man City,-1.0,lose,West Ham,-2.0,win,Sheffield,2.0,,win,Luton Town,4.0,,lose,Everton,-1.0,6.4,-0.3333333333333333,1.0,-2.0,0.0,1.6666666666666667,2.0,6.166666666666667,6.4,0.2333333333333334,1.6666666666666667,1.0,1.6666666666666667,63,2,February,2024
Rico Henry,Brentford,Left Back,24,2023/24,75,Knee injury,2023-09-16,2024-10-05,draw,Crystal Palace,0.0,5.6,draw,Bournemouth,0.0,6.2,lose,Newcastle,-1.0,6.0,lose,Everton,-2.0,draw,Nottm Forest,0.0,lose,Man United,-1.0,unknown,Unknown,,,unknown,Unknown,,,unknown,Unknown,,,-0.3333333333333333,0.6666666666666666,-1.0,0.3333333333333333,0.0,1.3333333333333333,5.933333333333334,6.4,0.4666666666666668,0.6666666666666667,0.3333333333333333,0.6666666666666667,385,9,September,2023
Christian Norgaard,Brentford,Defensive Midfielder,30,2023/24,77,Foot injury,2024-01-05,2024-01-30,lose,Aston Villa,-1.0,,lose,Wolves,-3.0,7.1,lose,Crystal Palace,-2.0,,win,Nottm Forest,1.0,unknown,Unknown,,unknown,Unknown,,lose,Tottenham,-1.0,7.1,lose,Man City,-2.0,6.2,win,Wolves,1.0,7.1,-2.0,0.0,1.0,3.0,-0.6666666666666666,1.0,7.1,6.8,-0.2999999999999998,-3.0,-3.0,-3.0,25,1,January,2024
Christian Norgaard,Brentford,Defensive Midfielder,30,2023/24,77,Back injury,2024-03-09,2024-04-16,lose,West Ham,-2.0,6.8,draw,Chelsea,0.0,7.5,lose,Arsenal,-1.0,,lose,Burnley,-1.0,draw,Man United,0.0,draw,Brighton,0.0,win,Luton Town,4.0,,lose,Everton,-1.0,,draw,Fulham,0.0,,-1.0,0.3333333333333333,-0.3333333333333333,0.6666666666666666,1.0,1.3333333333333333,7.15,6.8,-0.35000000000000053,-0.6666666666666667,-0.3333333333333333,-0.6666666666666667,38,3,March,2024
Vitaly Janelt,Brentford,Defensive Midfielder,24,2022/23,76,Knee injury,2023-03-15,2023-04-06,win,Fulham,1.0,,lose,Everton,-1.0,,win,Southampton,2.0,,draw,Leicester,0.0,draw,Brighton,0.0,lose,Man United,-1.0,lose,Newcastle,-1.0,,lose,Wolves,-2.0,,draw,Aston Villa,0.0,,0.6666666666666666,2.0,-0.3333333333333333,0.6666666666666666,-1.0,0.3333333333333333,6.366666666666667,6.4,0.033333333333333215,1.0,1.3333333333333335,1.0,22,3,March,2023
Christian Eriksen,Brentford,Central Midfielder,30,2021/22,81,Fitness,2022-01-31,2022-02-25,unknown,Unknown,,,unknown,Unknown,,,unknown,Unknown,,,lose,Man City,-2.0,draw,Crystal Palace,0.0,lose,Arsenal,-1.0,lose,Newcastle,-2.0,,win,Norwich City,2.0,5.2,win,Burnley,2.0,7.3,0.0,1.3333333333333333,-1.0,0.3333333333333333,0.6666666666666666,2.0,6.15,6.25,0.09999999999999964,1.0,1.0,1.0,25,1,January,2022
Mathias Jensen,Brentford,Central Midfielder,26,2021/22,77,Leg injury,2021-07-07,2021-08-31,unknown,Unknown,,,unknown,Unknown,,,unknown,Unknown,,,win,Arsenal,2.0,draw,Crystal Palace,0.0,unknown,Unknown,,draw,Aston Villa,0.0,,lose,Brighton,-1.0,,unknown,Unknown,,,0.0,1.3333333333333333,1.0,2.0,-0.5,0.5,6.366666666666667,6.4,0.033333333333333215,-1.0,-0.6666666666666667,-1.0,55,7,July,2021
Josh Dasilva,Brentford,Central Midfielder,23,2023/24,73,Hamstring injury,2023-08-19,2024-01-04,win,Fulham,3.0,,unknown,Unknown,,,unknown,Unknown,,,draw,Crystal Palace,0.0,draw,Bournemouth,0.0,lose,Newcastle,-1.0,win,Nottm Forest,1.0,,lose,Tottenham,-1.0,,unknown,Unknown,,,3.0,3.0,-0.3333333333333333,0.6666666666666666,0.0,1.5,6.366666666666667,6.4,0.033333333333333215,3.3333333333333335,2.3333333333333335,3.3333333333333335,138,8,August,2023
Josh Dasilva,Brentford,Central Midfielder,23,2023/24,73,Ankle injury,2023-12-06,2024-03-30,win,Fulham,3.0,,unknown,Unknown,,,unknown,Unknown,,,lose,Brighton,-1.0,lose,Sheffield,-1.0,lose,Aston Villa,-1.0,win,Nottm Forest,1.0,,lose,Tottenham,-1.0,,unknown,Unknown,,,3.0,3.0,-1.0,0.0,0.0,1.5,6.366666666666667,6.4,0.033333333333333215,4.0,3.0,4.0,115,12,December,2023
Josh Dasilva,Brentford,Central Midfielder,23,2023/24,73,Knee surgery,2024-02-05,2025-03-15,win,Nottm Forest,1.0,,lose,Tottenham,-1.0,,unknown,Unknown,,,lose,Man City,-2.0,win,Wolves,2.0,lose,Liverpool,-3.0,unknown,Unknown,,,unknown,Unknown,,,unknown,Unknown,,,0.0,1.5,-1.0,1.0,0.0,1.3333333333333333,6.366666666666667,6.4,0.033333333333333215,1.0,0.5,1.0,404,2,February,2024
Frank Onyeka,Brentford,Central Midfielder,24,2021/22,73,Ankle injury,2022-03-25,2022-05-16,lose,Man City,-2.0,,win,Norwich City,2.0,,win,Burnley,2.0,,win,Chelsea,3.0,win,West Ham,2.0,win,Watford,1.0,unknown,Unknown,,,unknown,Unknown,,,unknown,Unknown,,,0.6666666666666666,2.0,2.0,3.0,0.0,1.3333333333333333,5.6,6.4,0.8000000000000007,-1.3333333333333335,-1.0,-1.3333333333333335,52,3,March,2022
Frank Onyeka,Brentford,Central Midfielder,25,2022/23,73,Thigh problems,2023-03-25,2023-04-09,lose,Everton,-1.0,5.6,win,Southampton,2.0,5.6,unknown,Unknown,,,draw,Brighton,0.0,lose,Man United,-1.0,lose,Newcastle,-1.0,draw,Aston Villa,0.0,,win,Chelsea,2.0,,win,Nottm Forest,1.0,,0.5,1.5,-0.6666666666666666,0.3333333333333333,1.0,2.3333333333333335,5.6,6.4,0.8000000000000007,1.1666666666666665,1.1666666666666667,1.1666666666666665,15,3,March,2023
Shandon Baptiste,Brentford,Central Midfielder,24,2023/24,70,Shoulder injury,2023-08-25,2023-11-11,draw,Tottenham,0.0,,unknown,Unknown,,,unknown,Unknown,,,win,Fulham,3.0,draw,Crystal Palace,0.0,draw,Bournemouth,0.0,lose,Arsenal,-1.0,,win,Luton Town,2.0,6.2,lose,Brighton,-1.0,0.0,0.0,1.0,1.0,1.6666666666666667,0.0,1.0,6.366666666666667,3.1,-3.266666666666667,-1.0,-0.6666666666666667,-1.0,78,8,August,2023
Samman Ghoddos,Brentford,Attacking Midfielder,28,2021/22,71,Coronavirus,2022-03-19,2022-03-26,lose,Man City,-1.0,,draw,Crystal Palace,0.0,,lose,Arsenal,-1.0,,lose,Leicester,-1.0,unknown,Unknown,,unknown,Unknown,,win,Watford,1.0,,draw,Tottenham,0.0,,unknown,Unknown,,,-0.6666666666666666,0.3333333333333333,-1.0,0.0,0.5,2.0,6.366666666666667,6.4,0.033333333333333215,0.33333333333333337,0.3333333333333333,0.33333333333333337,7,3,March,2022
Bryan Mbeumo,Brentford,Right winger,22,2023/24,80,Ankle injury,2023-12-07,2024-03-12,lose,Arsenal,-1.0,6.0,win,Luton Town,2.0,8.2,lose,Brighton,-1.0,,lose,Sheffield,-1.0,lose,Aston Villa,-1.0,lose,Wolves,-3.0,lose,Burnley,-1.0,,draw,Man United,0.0,,draw,Brighton,0.0,,0.0,1.0,-1.6666666666666667,0.0,-0.3333333333333333,0.6666666666666666,7.1,6.4,-0.6999999999999993,1.6666666666666667,1.0,1.6666666666666667,96,12,December,2023
Sergi Canos,Brentford,Right winger,25,2022/23,72,Hamstring injury,2022-08-01,2022-09-05,unknown,Unknown,,,unknown,Unknown,,,unknown,Unknown,,,draw,Leicester,0.0,win,Man United,2.0,lose,Fulham,-1.0,win,Brighton,2.0,5.6,lose,Aston Villa,-4.0,5.2,draw,Wolves,0.0,5.6,0.0,1.3333333333333333,0.3333333333333333,1.3333333333333333,-0.6666666666666666,1.3333333333333333,6.366666666666667,5.466666666666666,-0.9000000000000012,-0.3333333333333333,0.0,-0.3333333333333333,35,8,August,2022
Yoane Wissa,Brentford,Center Forward,25,2023/24,79,Ankle injury,2024-09-14,2024-11-30,lose,Liverpool,-2.0,,win,Southampton,2.0,6.0,lose,Man City,-1.0,,lose,Tottenham,-2.0,draw,West Ham,0.0,win,Wolves,2.0,unknown,Unknown,,,unknown,Unknown,,,unknown,Unknown,,,-0.3333333333333333,1.0,0.0,1.3333333333333333,0.0,1.3333333333333333,6.0,6.4,0.40000000000000036,-0.3333333333333333,-0.33333333333333326,-0.3333333333333333,77,9,September,2024
Ben Mee,Brentford,Center Back,33,2023/24,79,Muscle injury,2023-09-26,2023-10-20,draw,Bournemouth,0.0,6.1,lose,Newcastle,-1.0,5.6,unknown,Unknown,,,lose,Everton,-2.0,draw,Nottm Forest,0.0,lose,Man United,-1.0,win,West Ham,1.0,,lose,Liverpool,-3.0,5.2,lose,Arsenal,-1.0,6.8,-0.5,0.5,-1.0,0.3333333333333333,-1.0,1.0,5.85,6.0,0.15000000000000036,0.5,0.16666666666666669,0.5,24,9,September,2023
Ben Mee,Brentford,Center Back,33,2023/24,79,Ankle injury,2024-02-26,2024-06-30,lose,Liverpool,-3.0,5.2,lose,Man City,-1.0,5.8,lose,West Ham,-2.0,5.6,draw,Chelsea,0.0,lose,Arsenal,-1.0,lose,Burnley,-1.0,unknown,Unknown,,,unknown,Unknown,,,unknown,Unknown,,,-2.0,0.0,-0.6666666666666666,0.3333333333333333,0.0,1.3333333333333333,5.533333333333334,6.055555555555556,0.5222222222222221,-1.3333333333333335,-0.3333333333333333,-1.3333333333333335,125,2,February,2024
Aaron Hickey,Brentford,Right Back,21,2022/23,76,Ankle injury,2022-10-10,2022-12-31,lose,Arsenal,-3.0,6.8,draw,Bournemouth,0.0,,lose,Newcastle,-4.0,,win,Brighton,2.0,draw,Chelsea,0.0,lose,Aston Villa,-4.0,win,Southampton,3.0,,draw,Crystal Palace,0.0,,win,Fulham,1.0,,-2.3333333333333335,0.3333333333333333,-0.6666666666666666,1.3333333333333333,1.3333333333333333,2.3333333333333335,6.8,6.4,-0.39999999999999947,-1.666666666666667,-1.0,-1.666666666666667,82,10,October,2022
Aaron Hickey,Brentford,Right Back,22,2023/24,76,Hamstring injury,2023-11-02,2025-04-02,draw,Nottm Forest,0.0,,lose,Man United,-1.0,5.1,win,Chelsea,2.0,5.6,win,West Ham,1.0,lose,Liverpool,-3.0,lose,Arsenal,-1.0,unknown,Unknown,,,unknown,Unknown,,,unknown,Unknown,,,0.3333333333333333,1.3333333333333333,-1.0,1.0,0.0,1.3333333333333333,5.35,6.4,1.0500000000000007,1.3333333333333333,0.33333333333333326,1.3333333333333333,517,11,November,2023
Kevin Schade,Brentford,Left winger,21,2023/24,72,Adductor injury,2023-09-23,2024-04-10,draw,Crystal Palace,0.0,,draw,Bournemouth,0.0,,lose,Newcastle,-1.0,,lose,Everton,-2.0,draw,Nottm Forest,0.0,lose,Man United,-1.0,win,Sheffield,2.0,,win,Luton Town,5.0,,lose,Everton,-1.0,,-0.3333333333333333,0.6666666666666666,-1.0,0.3333333333333333,2.0,2.0,6.366666666666667,6.4,0.033333333333333215,0.6666666666666667,0.3333333333333333,0.6666666666666667,200,9,September,2023
Mikkel Damsgaard,Brentford,Left winger,22,2023/24,73,Knee surgery,2023-09-29,2023-12-05,draw,Tottenham,0.0,,win,Fulham,3.0,,unknown,Unknown,,,draw,Crystal Palace,0.0,draw,Bournemouth,0.0,lose,Newcastle,-1.0,lose,Brighton,-1.0,,lose,Sheffield,-1.0,,lose,Aston Villa,-1.0,,1.5,2.0,-0.3333333333333333,0.6666666666666666,-1.0,0.0,6.366666666666667,6.4,0.033333333333333215,1.8333333333333333,1.3333333333333335,1.8333333333333333,67,9,September,2023
Mikkel Damsgaard,Brentford,Left winger,22,2023/24,73,Adductor pain,2023-08-26,2023-09-27,draw,Tottenham,0.0,,win,Fulham,3.0,,unknown,Unknown,,,draw,Nottm Forest,0.0,lose,Man United,-1.0,win,Burnley,3.0,lose,Brighton,-1.0,,lose,Sheffield,-1.0,,lose,Aston Villa,-1.0,,1.5,2.0,0.6666666666666666,1.3333333333333333,-1.0,0.0,6.366666666666667,6.4,0.033333333333333215,0.8333333333333334,0.6666666666666667,0.8333333333333334,32,8,August,2023
Keane Lewis-Potter,Brentford,Left winger,22,2022/23,73,Knee injury,2023-03-05,2023-05-02,win,Liverpool,2.0,,win,Bournemouth,2.0,5.4,draw,Crystal Palace,0.0,,win,Fulham,1.0,lose,Everton,-1.0,win,Southampton,2.0,unknown,Unknown,,,unknown,Unknown,,,unknown,Unknown,,,1.3333333333333333,2.3333333333333335,0.6666666666666666,2.0,0.0,1.3333333333333333,5.4,5.4,0.0,0.6666666666666666,0.3333333333333335,0.6666666666666666,58,3,March,2023
Keane Lewis-Potter,Brentford,Left winger,22,2022/23,73,Fitness,2022-10-11,2022-10-31,draw,Everton,0.0,,draw,Crystal Palace,0.0,,win,Leeds,3.0,5.2,lose,Aston Villa,-4.0,unknown,Unknown,,unknown,Unknown,,draw,Wolves,0.0,5.2,draw,Nottm Forest,0.0,5.6,win,Liverpool,2.0,,1.0,1.6666666666666667,-4.0,0.0,0.6666666666666666,1.6666666666666667,5.2,5.4,0.20000000000000018,5.0,1.6666666666666667,5.0,20,10,October,2022
Keane Lewis-Potter,Brentford,Left winger,22,2022/23,73,Ligament injury,2022-09-05,2022-10-10,draw,Everton,0.0,,draw,Crystal Palace,0.0,,win,Leeds,3.0,5.2,lose,Arsenal,-3.0,draw,Bournemouth,0.0,lose,Newcastle,-4.0,draw,Wolves,0.0,5.2,draw,Nottm Forest,0.0,5.6,win,Liverpool,2.0,,1.0,1.6666666666666667,-2.3333333333333335,0.3333333333333333,0.6666666666666666,1.6666666666666667,5.2,5.4,0.20000000000000018,3.3333333333333335,1.3333333333333335,3.3333333333333335,35,9,September,2022
Mark Flekken,Brentford,Goalkeeper,31,2023/24,79,cold,2023-10-03,2023-10-19,lose,Newcastle,-1.0,5.7,lose,Everton,-2.0,6.0,draw,Nottm Forest,0.0,6.3,lose,Man United,-1.0,unknown,Unknown,,unknown,Unknown,,win,Burnley,3.0,6.4,win,Chelsea,2.0,6.6,win,West Ham,1.0,,-1.0,0.3333333333333333,-1.0,0.0,2.0,3.0,6.0,6.5,0.5,0.0,0.3333333333333333,0.0,16,10,October,2023
Nathan Collins,Brentford,Center Back,23,2023/24,75,Injury to the ankle,2023-11-18,2023-12-15,win,Chelsea,2.0,7.5,win,West Ham,1.0,7.8,lose,Liverpool,-3.0,6.7,lose,Arsenal,-1.0,win,Luton Town,2.0,lose,Brighton,-1.0,lose,Aston Villa,-1.0,,lose,Wolves,-3.0,3.9,lose,Crystal Palace,-2.0,6.4,0.0,2.0,0.0,1.0,-2.0,0.0,7.333333333333333,5.15,-2.1833333333333327,0.0,1.0,0.0,27,11,November,2023
Nathan Collins,Brentford,Center Back,23,2023/24,75,unknown injury,2024-05-17,2024-06-26,lose,Everton,-1.0,6.7,draw,Fulham,0.0,7.2,win,Bournemouth,1.0,6.2,lose,Newcastle,-2.0,unknown,Unknown,,unknown,Unknown,,unknown,Unknown,,,unknown,Unknown,,,unknown,Unknown,,,0.0,1.3333333333333333,-2.0,0.0,0.0,1.3333333333333333,6.7,5.15,-1.5499999999999998,2.0,1.3333333333333333,2.0,40,5,May,2024
Nick Pope,Burnley,Goalkeeper,28,2020/21,82,head injury,2020-11-27,2020-12-04,win,Crystal Palace,1.0,7.9,draw,Brighton,0.0,7.5,lose,Chelsea,-3.0,6.0,lose,Man City,-5.0,unknown,Unknown,,unknown,Unknown,,draw,Everton,0.0,7.2,win,Arsenal,1.0,8.3,draw,Aston Villa,0.0,8.0,-0.6666666666666666,1.3333333333333333,-5.0,0.0,0.3333333333333333,1.6666666666666667,7.133333333333333,7.833333333333333,0.7000000000000002,4.333333333333333,1.3333333333333333,4.333333333333333,7,11,November,2020
Nick Pope,Burnley,Goalkeeper,28,2020/21,82,knee surgery,2021-05-12,2021-06-30,win,Wolves,4.0,6.6,lose,West Ham,-1.0,5.7,win,Fulham,2.0,7.5,lose,Leeds,-4.0,lose,Liverpool,-3.0,lose,Sheffield,-1.0,lose,Brighton,-1.0,6.3,lose,Liverpool,-2.0,7.1,draw,Leeds,0.0,6.0,1.6666666666666667,2.0,-2.6666666666666665,0.0,-1.0,0.3333333333333333,6.6000000000000005,6.466666666666666,-0.13333333333333464,4.333333333333333,2.0,4.333333333333333,49,5,May,2021
Nick Pope,Burnley,Goalkeeper,29,2021/22,82,Coronavirus,2021-12-29,2022-01-06,draw,Wolves,0.0,6.0,lose,Newcastle,-1.0,7.0,draw,West Ham,0.0,9.0,lose,Man United,-2.0,lose,Leeds,-2.0,unknown,Unknown,,draw,Arsenal,0.0,8.0,draw,Watford,0.0,6.0,draw,Man United,0.0,8.0,-0.3333333333333333,0.6666666666666666,-2.0,0.0,0.0,1.0,7.333333333333333,7.333333333333333,0.0,1.6666666666666667,0.6666666666666666,1.6666666666666667,8,12,December,2021
James Tarkowski,Burnley,Center Back,27,2020/21,81,toe injury,2020-09-16,2020-09-29,lose,Brighton,-1.0,6.0,win,Norwich City,2.0,6.6,draw,Wolves,0.0,7.0,lose,Leicester,-2.0,lose,Southampton,-1.0,unknown,Unknown,,lose,Newcastle,-2.0,5.8,draw,West Brom,0.0,7.4,lose,Tottenham,-1.0,6.8,0.3333333333333333,1.3333333333333333,-1.5,0.0,-1.0,0.3333333333333333,6.533333333333334,6.666666666666667,0.13333333333333286,1.8333333333333333,1.3333333333333333,1.8333333333333333,13,9,September,2020
Ben Mee,Burnley,Center Back,30,2019/20,78,hamstring strain,2020-07-03,2020-11-05,win,Crystal Palace,1.0,7.7,win,Watford,1.0,7.2,lose,Man City,-5.0,4.7,draw,Sheffield,0.0,win,West Ham,1.0,draw,Liverpool,0.0,draw,Brighton,0.0,6.7,win,Crystal Palace,1.0,6.6,lose,Man City,-5.0,5.2,-1.0,2.0,0.3333333333333333,1.6666666666666667,-1.3333333333333333,1.3333333333333333,6.533333333333334,6.166666666666667,-0.36666666666666714,-1.3333333333333333,0.33333333333333326,-1.3333333333333333,125,7,July,2020
Ben Mee,Burnley,Center Back,31,2020/21,79,head injury,2021-02-14,2021-02-21,win,Crystal Palace,3.0,6.5,draw,Brighton,0.0,6.4,lose,Man City,-2.0,5.6,draw,Fulham,0.0,unknown,Unknown,,unknown,Unknown,,draw,West Brom,0.0,6.0,lose,Tottenham,-4.0,5.0,draw,Leicester,0.0,7.0,0.3333333333333333,1.3333333333333333,0.0,1.0,-1.3333333333333333,0.6666666666666666,6.166666666666667,6.0,-0.16666666666666696,0.3333333333333333,0.33333333333333326,0.3333333333333333,7,2,February,2021
Ben Mee,Burnley,Center Back,32,2021/22,79,hairline fracture,2022-03-01,2022-06-30,lose,Leicester,-2.0,7.2,draw,Crystal Palace,0.0,6.5,win,Tottenham,1.0,8.1,lose,Chelsea,-4.0,lose,Brentford,-2.0,lose,Man City,-2.0,unknown,Unknown,,,unknown,Unknown,,,unknown,Unknown,,,-0.3333333333333333,1.3333333333333333,-2.6666666666666665,0.0,0.0,1.3333333333333333,7.266666666666667,6.055555555555556,-1.2111111111111104,2.333333333333333,1.3333333333333333,2.333333333333333,121,3,March,2022
Erik Pieters,Burnley,Center Back,32,2020/21,74,calf injury,2020-10-20,2020-11-22,draw,West Brom,0.0,6.8,lose,Leicester,-2.0,,lose,Brighton,-1.0,7.0,lose,Tottenham,-1.0,draw,Brighton,0.0,lose,Chelsea,-3.0,lose,Man City,-5.0,,win,Wolves,1.0,5.7,lose,Leeds,1.0,5.9,-1.0,0.3333333333333333,-1.3333333333333333,0.3333333333333333,-1.0,1.0,6.9,5.800000000000001,-1.0999999999999996,0.33333333333333326,0.0,0.33333333333333326,33,10,October,2020
Erik Pieters,Burnley,Center Back,33,2021/22,73,knee injury,2022-02-26,2022-05-02,draw,Crystal Palace,0.0,6.1,win,Tottenham,1.0,7.5,win,Brighton,3.0,7.1,lose,Leicester,-2.0,lose,Chelsea,-4.0,lose,Brentford,-2.0,lose,Aston Villa,-2.0,,unknown,Unknown,,,unknown,Unknown,,,1.3333333333333333,2.3333333333333335,-2.6666666666666665,0.0,-2.0,0.0,6.8999999999999995,5.800000000000001,-1.0999999999999988,4.0,2.3333333333333335,4.0,65,2,February,2022
Charlie Taylor,Burnley,Left Back,26,2019/20,76,hamstring strain,2019-12-01,2019-12-20,lose,Crystal Palace,-2.0,6.0,win,Watford,3.0,6.9,win,West Ham,3.0,6.5,lose,Man City,-3.0,lose,Tottenham,-5.0,win,Newcastle,1.0,win,Bournemouth,1.0,7.0,lose,Everton,-1.0,6.9,lose,Man United,-2.0,5.2,1.3333333333333333,2.0,-2.3333333333333335,1.0,-0.6666666666666666,1.0,6.466666666666666,6.366666666666667,-0.09999999999999876,3.666666666666667,1.0,3.666666666666667,19,12,December,2019
Charlie Taylor,Burnley,Left Back,26,2019/20,76,hamstring strain,2020-02-03,2020-02-14,draw,Arsenal,0.0,7.0,win,Man United,2.0,6.2,win,Leicester,1.0,7.0,unknown,Unknown,,unknown,Unknown,,unknown,Unknown,,win,Southampton,1.0,6.8,win,Bournemouth,3.0,7.0,draw,Newcastle,0.0,6.7,1.0,2.3333333333333335,0.0,1.3333333333333333,1.3333333333333333,2.3333333333333335,6.733333333333333,6.833333333333333,0.09999999999999964,1.0,1.0000000000000002,1.0,11,2,February,2020
Charlie Taylor,Burnley,Left Back,26,2020/21,76,hamstring strain,2020-07-16,2020-09-16,draw,Wolves,0.0,5.9,draw,Liverpool,0.0,5.6,win,West Ham,1.0,7.4,win,Norwich City,2.0,lose,Brighton,-1.0,unknown,Unknown,,lose,Leicester,-2.0,5.7,lose,Southampton,-1.0,6.5,lose,Newcastle,-2.0,5.8,0.3333333333333333,1.6666666666666667,0.5,1.5,-1.6666666666666667,0.0,6.3,6.0,-0.2999999999999998,-0.16666666666666669,0.16666666666666674,-0.16666666666666669,62,7,July,2020
Charlie Taylor,Burnley,Left Back,27,2020/21,76,hamstring strain,2020-12-30,2021-02-15,win,Liverpool,1.0,6.3,lose,Leeds,-1.0,6.4,win,Wolves,1.0,6.4,lose,West Ham,-1.0,win,Aston Villa,1.0,lose,Chelsea,-2.0,draw,Fulham,0.0,6.4,draw,West Brom,0.0,6.2,lose,Tottenham,-4.0,5.4,0.3333333333333333,2.0,-0.6666666666666666,1.0,-1.3333333333333333,0.6666666666666666,6.366666666666667,6.0,-0.36666666666666714,1.0,1.0,1.0,47,12,December,2020
Charlie Taylor,Burnley,Left Back,28,2021/22,76,Bruise on ankle,2022-01-07,2022-02-25,lose,Leeds,-2.0,7.0,lose,Man United,-2.0,5.5,draw,West Ham,0.0,6.6,draw,Arsenal,0.0,draw,Watford,0.0,draw,Man United,0.0,draw,Crystal Palace,0.0,,lose,Leicester,-2.0,6.3,lose,Chelsea,-4.0,6.0,-1.3333333333333333,0.3333333333333333,0.0,1.0,-2.0,0.3333333333333333,6.366666666666667,6.15,-0.21666666666666679,-1.3333333333333333,-0.6666666666666667,-1.3333333333333333,49,1,January,2022
Matthew Lowton,Burnley,Right Back,30,2019/20,75,knee injury,2020-02-03,2020-06-10,draw,Arsenal,0.0,7.0,win,Man United,2.0,6.1,lose,Chelsea,-3.0,4.7,win,Southampton,1.0,win,Bournemouth,3.0,draw,Newcastle,0.0,lose,Man City,-5.0,5.2,win,Watford,1.0,7.0,unknown,Unknown,,,-0.3333333333333333,1.3333333333333333,1.3333333333333333,2.3333333333333335,-2.0,1.5,5.933333333333334,6.1,0.16666666666666607,-1.6666666666666665,-1.0000000000000002,-1.6666666666666665,128,2,February,2020
Matthew Lowton,Burnley,Right Back,31,2019/20,75,ankle and knee injury,2020-06-28,2020-10-25,lose,Man City,-5.0,5.2,win,Watford,1.0,7.0,unknown,Unknown,,,win,Crystal Palace,1.0,draw,Sheffield,0.0,win,West Ham,1.0,lose,Tottenham,-3.0,6.9,lose,Chelsea,-3.0,6.1,draw,Brighton,0.0,6.6,-2.0,1.5,0.6666666666666666,2.3333333333333335,-2.0,0.3333333333333333,6.1,6.533333333333334,0.43333333333333446,-2.6666666666666665,-0.8333333333333335,-2.6666666666666665,119,6,June,2020
Phil Bardsley,Burnley,Right Back,34,2019/20,72,knock,2019-12-05,2019-12-13,lose,Man City,-3.0,5.2,lose,Crystal Palace,-2.0,6.1,win,Watford,3.0,6.7,lose,Tottenham,-5.0,unknown,Unknown,,unknown,Unknown,,win,Newcastle,1.0,6.7,win,Bournemouth,1.0,6.7,lose,Everton,-1.0,6.0,-0.6666666666666666,1.0,-5.0,0.0,0.3333333333333333,2.0,6.0,6.466666666666666,0.4666666666666659,4.333333333333333,1.0,4.333333333333333,8,12,December,2019
Phil Bardsley,Burnley,Right Back,34,2019/20,72,back injury,2020-01-20,2020-02-01,win,Leicester,1.0,6.4,lose,Aston Villa,-1.0,6.4,lose,Man United,-2.0,6.1,win,Man United,2.0,unknown,Unknown,,unknown,Unknown,,win,Crystal Palace,1.0,6.5,draw,Sheffield,0.0,6.4,win,West Ham,1.0,6.8,-0.6666666666666666,1.0,2.0,3.0,0.6666666666666666,2.3333333333333335,6.3,6.566666666666666,0.2666666666666666,-2.6666666666666665,-2.0,-2.6666666666666665,12,1,January,2020
Jack Cork,Burnley,Defensive Midfielder,30,2019/20,76,shoulder injury,2019-09-29,2019-10-25,draw,Aston Villa,0.0,6.1,win,Norwich City,1.0,7.3,draw,Brighton,0.0,6.5,win,Everton,1.0,lose,Leicester,-1.0,unknown,Unknown,,lose,Chelsea,-2.0,6.7,lose,Sheffield,-3.0,6.1,win,West Ham,3.0,6.7,0.3333333333333333,1.6666666666666667,0.0,1.5,-0.6666666666666666,1.0,6.633333333333333,6.5,-0.13333333333333286,0.3333333333333333,0.16666666666666674,0.3333333333333333,26,9,September,2019
Jack Cork,Burnley,Defensive Midfielder,31,2020/21,77,broken foot,2020-06-30,2020-12-13,win,Crystal Palace,1.0,6.2,win,Watford,1.0,6.4,lose,Man City,-5.0,5.5,draw,Sheffield,0.0,win,West Ham,1.0,draw,Liverpool,0.0,win,Aston Villa,1.0,,lose,Chelsea,-2.0,5.6,lose,Man City,-2.0,5.4,-1.0,2.0,0.3333333333333333,1.6666666666666667,-1.0,1.0,6.033333333333334,5.5,-0.5333333333333341,-1.3333333333333333,0.33333333333333326,-1.3333333333333333,166,6,June,2020
Ashley Westwood,Burnley,Defensive Midfielder,30,2019/20,77,groin injury,2019-11-24,2019-12-13,win,Watford,3.0,6.7,win,West Ham,3.0,6.5,lose,Sheffield,-3.0,6.5,lose,Crystal Palace,-2.0,lose,Man City,-3.0,lose,Tottenham,-5.0,win,Newcastle,1.0,7.5,win,Bournemouth,1.0,6.6,lose,Everton,-1.0,6.4,1.0,2.0,-3.3333333333333335,0.0,0.3333333333333333,2.0,6.566666666666666,6.833333333333333,0.2666666666666666,4.333333333333334,2.0,4.333333333333334,19,11,November,2019
Ashley Westwood,Burnley,Defensive Midfielder,33,2021/22,77,broken ankle,2022-04-17,2022-12-31,unknown,Unknown,,,lose,Norwich City,-2.0,7.0,win,Everton,1.0,6.0,win,Southampton,2.0,win,Wolves,1.0,win,Watford,1.0,unknown,Unknown,,,unknown,Unknown,,,unknown,Unknown,,,-0.5,1.5,1.3333333333333333,3.0,0.0,1.3333333333333333,6.5,6.833333333333333,0.33333333333333304,-1.8333333333333333,-1.5,-1.8333333333333333,258,4,April,2022
Josh Brownhill,Burnley,Central Midfielder,24,2020/21,76,ankle injury,2021-01-28,2021-02-12,win,Aston Villa,1.0,5.9,win,Liverpool,1.0,6.4,lose,West Ham,1.0,6.4,lose,Chelsea,-2.0,lose,Man City,-2.0,draw,Brighton,0.0,draw,Fulham,0.0,,draw,West Brom,0.0,6.2,lose,Tottenham,-4.0,6.2,1.0,2.0,-1.3333333333333333,0.3333333333333333,-1.3333333333333333,0.6666666666666666,6.233333333333334,6.2,-0.0333333333333341,2.333333333333333,1.6666666666666667,2.333333333333333,15,1,January,2021
Josh Brownhill,Burnley,Central Midfielder,26,2021/22,75,Coronavirus,2021-12-13,2022-01-06,draw,West Ham,0.0,,lose,Newcastle,-1.0,6.3,draw,Wolves,0.0,6.8,lose,Man United,-2.0,lose,Leeds,-2.0,unknown,Unknown,,draw,Arsenal,0.0,5.8,draw,Man United,0.0,6.1,lose,Liverpool,-1.0,7.0,-0.3333333333333333,0.6666666666666666,-2.0,0.0,-0.3333333333333333,0.6666666666666666,6.55,6.3,-0.25,1.6666666666666667,0.6666666666666666,1.6666666666666667,24,12,December,2021
Robbie Brady,Burnley,Left Midfielder,28,2020/21,74,chest injury,2020-09-21,2020-10-02,lose,Leicester,-2.0,6.0,unknown,Unknown,,,unknown,Unknown,,,lose,Southampton,-1.0,unknown,Unknown,,unknown,Unknown,,draw,West Brom,0.0,,lose,Chelsea,-3.0,,draw,Brighton,0.0,6.8,-2.0,0.0,-1.0,0.0,-1.0,0.6666666666666666,6.0,6.8,0.7999999999999998,-1.0,0.0,-1.0,11,9,September,2020
Robbie Brady,Burnley,Left Midfielder,28,2020/21,74,hamstring injury,2020-11-24,2020-12-04,win,Crystal Palace,1.0,,draw,Brighton,0.0,6.8,lose,Chelsea,-3.0,,lose,Man City,-5.0,unknown,Unknown,,unknown,Unknown,,draw,Everton,0.0,7.8,win,Arsenal,1.0,6.9,draw,Aston Villa,0.0,5.6,-0.6666666666666666,1.3333333333333333,-5.0,0.0,0.3333333333333333,1.6666666666666667,6.8,6.766666666666667,-0.033333333333333215,4.333333333333333,1.3333333333333333,4.333333333333333,10,11,November,2020
Robbie Brady,Burnley,Left Midfielder,28,2020/21,74,hamstring injury,2020-12-22,2020-12-28,win,Arsenal,1.0,6.9,draw,Aston Villa,0.0,5.6,win,Wolves,1.0,6.6,lose,Leeds,-1.0,unknown,Unknown,,unknown,Unknown,,win,Sheffield,1.0,6.3,lose,Man United,-1.0,5.9,lose,West Ham,-1.0,6.6,0.6666666666666666,2.3333333333333335,-1.0,0.0,-0.3333333333333333,1.0,6.366666666666667,6.266666666666667,-0.10000000000000053,1.6666666666666665,2.3333333333333335,1.6666666666666665,6,12,December,2020
Robbie Brady,Burnley,Left Midfielder,29,2020/21,74,calf injury,2021-02-01,2021-02-12,lose,Chelsea,-2.0,6.1,win,Aston Villa,1.0,5.9,win,Liverpool,1.0,5.7,lose,Man City,-2.0,draw,Brighton,0.0,unknown,Unknown,,win,Crystal Palace,3.0,,draw,Fulham,0.0,,draw,Arsenal,0.0,,0.0,2.0,-1.0,0.5,1.0,1.6666666666666667,5.8999999999999995,6.611111111111111,0.7111111111111112,1.0,1.5,1.0,11,2,February,2021
Dwight McNeil,Burnley,Left winger,21,2020/21,77,groin injury,2020-12-22,2021-01-11,win,Wolves,1.0,5.9,draw,Aston Villa,0.0,6.1,win,Arsenal,1.0,6.0,lose,Leeds,1.0,win,Sheffield,1.0,unknown,Unknown,,lose,Man United,-1.0,,lose,West Ham,-1.0,,win,Liverpool,1.0,6.5,0.6666666666666666,2.3333333333333335,1.0,1.5,-0.3333333333333333,1.0,6.0,6.5,0.5,-0.33333333333333337,0.8333333333333335,-0.33333333333333337,20,12,December,2020
Jóhann Berg Gudmundsson,Burnley,Right winger,28,2019/20,77,calf strain,2019-08-26,2019-09-27,win,Southampton,3.0,6.9,lose,Arsenal,1.0,5.9,draw,Wolves,0.0,5.6,lose,Liverpool,-3.0,draw,Brighton,0.0,win,Norwich City,2.0,win,Everton,1.0,5.9,unknown,Unknown,,,unknown,Unknown,,,1.3333333333333333,1.3333333333333333,-0.3333333333333333,1.3333333333333333,1.0,3.0,6.133333333333333,5.9,-0.2333333333333325,1.6666666666666665,0.0,1.6666666666666665,32,8,August,2019
Jóhann Berg Gudmundsson,Burnley,Right winger,29,2019/20,77,hamstring strain,2019-10-13,2019-12-25,win,Everton,1.0,5.9,unknown,Unknown,,,unknown,Unknown,,,lose,Leicester,-1.0,lose,Chelsea,-2.0,lose,Man City,-3.0,lose,Everton,-1.0,,lose,Man United,-2.0,,lose,Aston Villa,-1.0,,1.0,3.0,-2.0,0.0,-1.3333333333333333,0.0,5.9,6.207142857142857,0.30714285714285694,3.0,3.0,3.0,73,10,October,2019
Jóhann Berg Gudmundsson,Burnley,Right winger,29,2019/20,77,hamstring strain,2020-01-05,2020-07-04,lose,Everton,-1.0,,lose,Man United,-2.0,,lose,Aston Villa,-1.0,,lose,Chelsea,-3.0,win,Leicester,1.0,win,Man United,2.0,draw,Liverpool,0.0,,draw,Wolves,0.0,,win,Norwich City,2.0,6.7,-1.3333333333333333,0.0,0.0,2.0,0.6666666666666666,1.6666666666666667,6.1571428571428575,6.7,0.5428571428571427,-1.3333333333333333,-2.0,-1.3333333333333333,181,1,January,2020
Jóhann Berg Gudmundsson,Burnley,Right winger,29,2020/21,77,knee injury,2020-09-18,2020-10-02,unknown,Unknown,,,unknown,Unknown,,,unknown,Unknown,,,lose,Leicester,-2.0,lose,Southampton,-1.0,unknown,Unknown,,lose,Newcastle,-2.0,5.8,draw,West Brom,0.0,5.5,lose,Tottenham,-1.0,6.2,0.0,1.3333333333333333,-1.5,0.0,-1.0,0.3333333333333333,6.1571428571428575,5.833333333333333,-0.32380952380952444,1.5,1.3333333333333333,1.5,14,9,September,2020
Jóhann Berg Gudmundsson,Burnley,Right winger,30,2020/21,77,hamstring strain,2020-10-28,2020-11-05,lose,Newcastle,-2.0,5.8,draw,West Brom,0.0,5.5,lose,Tottenham,-1.0,6.2,lose,Chelsea,-3.0,unknown,Unknown,,unknown,Unknown,,win,Crystal Palace,1.0,6.1,unknown,Unknown,,,unknown,Unknown,,,-1.0,0.3333333333333333,-3.0,0.0,1.0,3.0,5.833333333333333,6.1,0.2666666666666666,2.0,0.3333333333333333,2.0,8,10,October,2020
Jóhann Berg Gudmundsson,Burnley,Right winger,30,2020/21,77,hamstring strain,2020-11-29,2021-01-11,win,Crystal Palace,1.0,6.1,unknown,Unknown,,,unknown,Unknown,,,draw,Everton,0.0,win,Arsenal,1.0,draw,Aston Villa,0.0,lose,Man United,-1.0,5.9,lose,West Ham,-1.0,5.8,win,Liverpool,1.0,,1.0,3.0,0.3333333333333333,1.6666666666666667,-0.3333333333333333,1.0,6.1,5.85,-0.25,0.6666666666666667,1.3333333333333333,0.6666666666666667,43,11,November,2020
Jóhann Berg Gudmundsson,Burnley,Right winger,30,2020/21,77,groin strain,2021-02-18,2021-03-04,draw,Fulham,0.0,5.6,win,Crystal Palace,3.0,7.4,draw,Brighton,0.0,7.3,draw,West Brom,0.0,lose,Tottenham,-4.0,draw,Leicester,0.0,draw,Arsenal,0.0,6.4,win,Everton,1.0,6.1,lose,Southampton,-1.0,6.9,1.0,1.6666666666666667,-1.3333333333333333,0.6666666666666666,0.0,1.3333333333333333,6.766666666666667,6.466666666666666,-0.3000000000000007,2.333333333333333,1.0,2.333333333333333,14,2,February,2021
Jóhann Berg Gudmundsson,Burnley,Right winger,31,2021/22,73,appendectomy and calf injury,2022-01-24,2022-08-21,lose,Man United,2.0,6.0,lose,Leeds,2.0,6.0,draw,Arsenal,0.0,8.0,draw,Watford,0.0,draw,Man United,0.0,lose,Liverpool,-1.0,unknown,Unknown,,,unknown,Unknown,,,unknown,Unknown,,,1.3333333333333333,0.3333333333333333,-0.3333333333333333,0.6666666666666666,0.0,1.3333333333333333,6.666666666666667,6.207142857142857,-0.45952380952380967,1.6666666666666665,-0.3333333333333333,1.6666666666666665,209,1,January,2022
Jóhann Berg Gudmundsson,Burnley,Right winger,32,2023/24,72,muscle injury,2023-09-23,2023-10-22,lose,Man United,-1.0,5.7,draw,Nottm Forest,0.0,5.8,lose,Tottenham,-3.0,5.6,lose,Newcastle,-2.0,win,Luton Town,1.0,lose,Chelsea,-3.0,lose,Bournemouth,-1.0,6.4,lose,Crystal Palace,-2.0,7.1,lose,Arsenal,-2.0,6.3,-1.3333333333333333,0.3333333333333333,-1.3333333333333333,1.0,-1.6666666666666667,0.0,5.7,6.6000000000000005,0.9000000000000004,0.0,-0.6666666666666667,0.0,29,9,September,2023
Aaron Lennon,Burnley,Right winger,32,2019/20,74,ill,2019-12-22,2020-01-10,win,Bournemouth,1.0,,lose,Tottenham,-5.0,,lose,Man City,-3.0,5.9,lose,Everton,-1.0,lose,Man United,-2.0,lose,Aston Villa,-1.0,lose,Chelsea,-3.0,5.3,unknown,Unknown,,,unknown,Unknown,,,-2.3333333333333335,1.0,-1.3333333333333333,0.0,-3.0,0.0,5.9,5.3,-0.6000000000000005,-1.0000000000000002,1.0,-1.0000000000000002,19,12,December,2019
Chris Wood,Burnley,Center Forward,27,2019/20,78,hamstring injury,2019-10-20,2019-11-08,lose,Leicester,-1.0,7.2,win,Everton,1.0,5.7,draw,Aston Villa,0.0,6.6,lose,Chelsea,-2.0,lose,Sheffield,-3.0,unknown,Unknown,,win,West Ham,3.0,6.7,win,Watford,3.0,6.8,lose,Crystal Palace,-2.0,6.0,0.0,1.3333333333333333,-2.5,0.0,1.3333333333333333,2.0,6.5,6.5,0.0,2.5,1.3333333333333333,2.5,19,10,October,2019
Chris Wood,Burnley,Center Forward,28,2019/20,78,hamstring strain,2020-02-16,2020-02-28,win,Southampton,1.0,5.2,draw,Arsenal,0.0,5.5,win,Man United,2.0,7.0,win,Bournemouth,3.0,unknown,Unknown,,unknown,Unknown,,draw,Newcastle,0.0,,draw,Tottenham,0.0,7.1,unknown,Unknown,,,1.0,2.3333333333333335,3.0,3.0,0.0,1.0,5.8999999999999995,7.1,1.2000000000000002,-2.0,-0.6666666666666665,-2.0,12,2,February,2020
Chris Wood,Burnley,Center Forward,28,2019/20,78,calf injury,2020-06-05,2020-07-04,draw,Newcastle,0.0,,draw,Tottenham,0.0,7.1,unknown,Unknown,,,lose,Man City,-5.0,win,Watford,1.0,win,Crystal Palace,1.0,draw,Sheffield,0.0,,win,West Ham,1.0,,draw,Liverpool,0.0,5.1,0.0,1.0,-1.0,2.0,0.3333333333333333,1.6666666666666667,7.1,5.1,-2.0,1.0,-1.0,1.0,29,6,June,2020
Chris Wood,Burnley,Center Forward,29,2020/21,78,hamstring strain,2021-02-01,2021-02-18,lose,Chelsea,-2.0,5.8,win,Aston Villa,1.0,7.1,win,Liverpool,1.0,5.2,lose,Man City,-2.0,draw,Brighton,0.0,win,Crystal Palace,3.0,lose,Tottenham,-4.0,,draw,Leicester,0.0,6.3,draw,Arsenal,0.0,7.0,0.0,2.0,0.3333333333333333,1.3333333333333333,-1.3333333333333333,0.6666666666666666,6.033333333333334,6.65,0.6166666666666663,-0.3333333333333333,0.6666666666666667,-0.3333333333333333,17,2,February,2021
Ashley Barnes,Burnley,Center Forward,29,2019/20,78,groin injury,2019-10-17,2019-10-25,win,Everton,1.0,5.3,draw,Aston Villa,0.0,5.1,win,Norwich City,2.0,6.1,lose,Leicester,-1.0,unknown,Unknown,,unknown,Unknown,,lose,Chelsea,-2.0,6.1,lose,Sheffield,-3.0,5.4,win,West Ham,3.0,7.1,1.0,2.3333333333333335,-1.0,0.0,-0.6666666666666666,1.0,5.5,6.2,0.7000000000000002,2.0,2.3333333333333335,2.0,8,10,October,2019
Ashley Barnes,Burnley,Center Forward,30,2019/20,78,groin injury,2019-12-05,2019-12-13,lose,Man City,-3.0,,lose,Crystal Palace,-2.0,5.3,win,Watford,3.0,6.1,lose,Tottenham,-5.0,unknown,Unknown,,unknown,Unknown,,win,Newcastle,1.0,6.7,win,Bournemouth,1.0,5.8,lose,Everton,1.0,,-0.6666666666666666,1.0,-5.0,0.0,1.0,2.0,5.699999999999999,6.25,0.5500000000000007,4.333333333333333,1.0,4.333333333333333,8,12,December,2019
Ashley Barnes,Burnley,Center Forward,30,2019/20,78,groin surgery,2020-01-02,2020-09-29,lose,Aston Villa,-1.0,5.5,lose,Man United,-2.0,5.1,lose,Everton,-1.0,,lose,Chelsea,-3.0,win,Leicester,1.0,win,Man United,2.0,lose,Newcastle,-2.0,6.0,draw,West Brom,0.0,5.9,lose,Tottenham,-1.0,5.6,-1.3333333333333333,0.0,0.0,2.0,-1.0,0.3333333333333333,5.3,5.833333333333333,0.5333333333333332,-1.3333333333333333,-2.0,-1.3333333333333333,271,1,January,2020
Ashley Barnes,Burnley,Center Forward,31,2020/21,75,bruise,2021-01-27,2021-02-05,win,Liverpool,1.0,7.1,lose,West Ham,-1.0,5.7,lose,Man United,-1.0,5.4,win,Aston Villa,1.0,lose,Chelsea,-2.0,lose,Man City,-2.0,draw,Brighton,0.0,5.6,win,Crystal Palace,3.0,6.9,draw,Fulham,0.0,6.2,-0.3333333333333333,1.0,-1.0,1.0,1.0,1.6666666666666667,6.066666666666666,6.233333333333333,0.16666666666666696,0.6666666666666667,0.0,0.6666666666666667,9,1,January,2021
Ashley Barnes,Burnley,Center Forward,32,2021/22,73,groin injury,2021-11-18,2022-02-06,lose,Man City,-2.0,,draw,Leicester,0.0,,lose,Arsenal,-1.0,,draw,Crystal Palace,0.0,draw,Wolves,0.0,lose,Newcastle,-1.0,lose,Liverpool,-1.0,6.0,unknown,Unknown,,,unknown,Unknown,,,-1.0,0.3333333333333333,-0.3333333333333333,0.6666666666666666,-1.0,0.0,5.641666666666667,6.0,0.3583333333333334,-0.6666666666666667,-0.3333333333333333,-0.6666666666666667,80,11,November,2021
Jay Rodríguez,Burnley,Center Forward,30,2019/20,76,ill,2020-01-05,2020-01-18,lose,Aston Villa,-1.0,,lose,Man United,-2.0,,lose,Everton,-1.0,5.1,lose,Chelsea,-3.0,unknown,Unknown,,unknown,Unknown,,win,Leicester,1.0,6.4,win,Man United,2.0,6.8,draw,Arsenal,0.0,6.5,-1.3333333333333333,0.0,-3.0,0.0,1.0,2.3333333333333335,5.1,6.566666666666666,1.4666666666666668,1.6666666666666667,0.0,1.6666666666666667,13,1,January,2020
Jay Rodríguez,Burnley,Center Forward,30,2019/20,76,hamstring strain,2020-06-26,2020-07-04,win,Watford,1.0,7.3,lose,Man City,-5.0,5.1,draw,Tottenham,0.0,6.7,win,Crystal Palace,1.0,unknown,Unknown,,unknown,Unknown,,draw,Sheffield,0.0,6.8,win,West Ham,1.0,7.4,draw,Liverpool,0.0,6.7,-1.3333333333333333,1.3333333333333333,1.0,3.0,0.3333333333333333,1.6666666666666667,6.366666666666667,6.966666666666666,0.5999999999999988,-2.333333333333333,-1.6666666666666667,-2.333333333333333,8,6,June,2020
Jay Rodríguez,Burnley,Center Forward,31,2020/21,75,ankle injury,2020-09-23,2020-10-18,lose,Leicester,-2.0,6.0,unknown,Unknown,,,unknown,Unknown,,,lose,Southampton,-1.0,lose,Newcastle,-2.0,unknown,Unknown,,lose,Chelsea,-3.0,,draw,Brighton,0.0,5.4,win,Crystal Palace,1.0,6.6,-2.0,0.0,-1.5,0.0,-0.6666666666666666,1.3333333333333333,6.0,6.0,0.0,-0.5,0.0,-0.5,25,9,September,2020
Jay Rodríguez,Burnley,Center Forward,32,2020/21,75,knee injury,2020-12-28,2021-01-11,lose,Leeds,-1.0,,draw,Aston Villa,0.0,5.1,win,Arsenal,1.0,5.6,win,Sheffield,1.0,unknown,Unknown,,unknown,Unknown,,lose,West Ham,-1.0,,win,Aston Villa,1.0,5.7,lose,Chelsea,-2.0,,0.0,1.3333333333333333,1.0,3.0,-0.6666666666666666,1.0,5.35,5.7,0.35000000000000053,-1.0,-1.6666666666666667,-1.0,14,12,December,2020
Jay Rodríguez,Burnley,Center Forward,33,2021/22,74,hamstring injury,2020-04-29,2020-08-07,win,Wolves,1.0,5.5,win,Southampton,2.0,6.1,draw,West Ham,0.0,5.6,win,Watford,1.0,lose,Aston Villa,-2.0,lose,Tottenham,-1.0,unknown,Unknown,,,unknown,Unknown,,,unknown,Unknown,,,1.0,2.3333333333333335,-0.6666666666666666,1.0,0.0,1.3333333333333333,5.733333333333333,6.308333333333334,0.5750000000000002,1.6666666666666665,1.3333333333333335,1.6666666666666665,100,4,April,2020
Matej Vydra,Burnley,Center Forward,27,2019/20,73,hip injury,2019-11-03,2019-12-03,lose,Chelsea,-2.0,,draw,Brighton,0.0,,unknown,Unknown,,,win,West Ham,3.0,win,Watford,3.0,lose,Crystal Palace,-2.0,lose,Tottenham,-5.0,,lose,Chelsea,-3.0,5.1,win,Southampton,1.0,7.1,-1.0,0.5,1.3333333333333333,2.0,-2.3333333333333335,1.0,5.866666666666666,6.1,0.2333333333333334,-2.333333333333333,-1.5,-2.333333333333333,30,11,November,2019
Matej Vydra,Burnley,Center Forward,28,2020/21,74,hamstring injury,2021-02-10,2021-02-18,draw,Brighton,0.0,7.0,lose,Man City,-2.0,5.5,lose,Chelsea,-2.0,5.2,win,Crystal Palace,3.0,draw,Fulham,0.0,unknown,Unknown,,draw,West Brom,0.0,5.4,lose,Tottenham,-4.0,5.4,draw,Leicester,0.0,6.9,-1.3333333333333333,0.3333333333333333,1.5,2.0,-1.3333333333333333,0.6666666666666666,5.8999999999999995,5.900000000000001,1.7763568394002505e-15,-2.833333333333333,-1.6666666666666667,-2.833333333333333,8,2,February,2021
Matej Vydra,Burnley,Center Forward,29,2021/22,73,groin surgery and elbow injury,2022-02-03,2022-02-28,draw,Arsenal,0.0,5.5,lose,Man United,-2.0,6.0,draw,West Ham,0.0,6.0,draw,Watford,0.0,draw,Man United,0.0,lose,Liverpool,-1.0,lose,Norwich City,-2.0,5.0,win,Southampton,2.0,5.0,win,Wolves,1.0,7.0,-0.6666666666666666,0.6666666666666666,-0.3333333333333333,0.6666666666666666,0.3333333333333333,2.0,5.833333333333333,5.666666666666667,-0.16666666666666607,-0.3333333333333333,0.0,-0.3333333333333333,25,2,February,2022
Dale Stephens,Burnley,Central Midfielder,31,2020/21,74,hamstring injury,2020-11-19,2020-12-13,lose,Chelsea,-3.0,5.6,lose,Newcastle,-2.0,6.0,lose,Southampton,-1.0,6.8,win,Crystal Palace,1.0,lose,Man City,-5.0,draw,Everton,0.0,win,Sheffield,1.0,,lose,Leeds,-1.0,,unknown,Unknown,,,-2.0,0.0,-1.3333333333333333,1.3333333333333333,0.0,1.5,6.133333333333333,6.4,0.2666666666666675,-0.6666666666666667,-1.3333333333333333,-0.6666666666666667,24,11,November,2020
Dale Stephens,Burnley,Central Midfielder,31,2020/21,74,knock,2021-02-14,2021-02-18,lose,Man City,-2.0,5.4,unknown,Unknown,,,unknown,Unknown,,,draw,Fulham,0.0,unknown,Unknown,,unknown,Unknown,,unknown,Unknown,,,unknown,Unknown,,,unknown,Unknown,,,-2.0,0.0,0.0,1.0,0.0,1.3333333333333333,5.4,6.4,1.0,-2.0,-1.0,-2.0,4,2,February,2021
Connor Roberts,Burnley,Right Back,26,2021/22,75,infection,2021-12-08,2022-01-09,lose,Newcastle,-1.0,,unknown,Unknown,,,unknown,Unknown,,,draw,West Ham,0.0,lose,Man United,-2.0,lose,Leeds,-2.0,draw,Arsenal,0.0,6.8,draw,Watford,0.0,7.0,draw,Man United,0.0,5.9,-1.0,0.0,-1.3333333333333333,0.3333333333333333,0.0,1.0,6.366666666666667,6.566666666666666,0.1999999999999993,0.33333333333333326,-0.3333333333333333,0.33333333333333326,32,12,December,2021
Maxwel Cornet,Burnley,Left winger,25,2021/22,75,hamstring injury,2021-12-04,2021-12-31,lose,Newcastle,-1.0,5.5,draw,Wolves,0.0,5.5,draw,Crystal Palace,0.0,6.9,draw,West Ham,0.0,lose,Man United,-2.0,unknown,Unknown,,lose,Leeds,-2.0,,draw,Watford,0.0,7.0,draw,Man United,0.0,5.9,-0.3333333333333333,0.6666666666666666,-1.0,0.5,-0.6666666666666666,0.6666666666666666,5.966666666666666,6.45,0.4833333333333343,0.6666666666666667,0.16666666666666663,0.6666666666666667,27,12,December,2021
Maxwel Cornet,Burnley,Left winger,25,2021/22,75,knee problems,2022-04-22,2022-05-05,win,Southampton,2.0,6.0,draw,West Ham,0.0,5.6,lose,Norwich City,-2.0,6.0,win,Wolves,1.0,win,Watford,1.0,unknown,Unknown,,lose,Aston Villa,-2.0,,lose,Tottenham,-1.0,5.8,draw,Aston Villa,0.0,5.4,0.0,1.3333333333333333,1.0,3.0,-1.0,0.3333333333333333,5.866666666666667,5.6,-0.2666666666666675,-1.0,-1.6666666666666667,-1.0,13,4,April,2022
Jordan Beyer,Burnley,Center Back,23,2023/24,75,meniscus injury,2023-10-04,2023-10-30,win,Luton Town,1.0,6.9,lose,Newcastle,-2.0,6.1,lose,Man United,-1.0,7.0,lose,Chelsea,-3.0,lose,Brentford,-3.0,lose,Bournemouth,-1.0,lose,Crystal Palace,-2.0,5.8,lose,Arsenal,-3.0,6.3,lose,West Ham,-1.0,6.4,-0.6666666666666666,1.0,-2.3333333333333335,0.0,-2.0,0.0,6.666666666666667,6.166666666666667,-0.5,1.666666666666667,1.0,1.666666666666667,26,10,October,2023
Hjalmar Ekdal,Burnley,Center Back,23,2023/24,73,knee injury,2023-08-30,2023-11-18,unknown,Unknown,,,unknown,Unknown,,,unknown,Unknown,,,lose,Tottenham,-3.0,draw,Nottm Forest,0.0,lose,Man United,-1.0,win,Sheffield,5.0,6.0,lose,Wolves,-1.0,6.4,draw,Brighton,0.0,6.0,0.0,1.3333333333333333,-1.3333333333333333,0.3333333333333333,1.3333333333333333,1.3333333333333333,6.366666666666667,6.133333333333333,-0.23333333333333428,1.3333333333333333,1.0,1.3333333333333333,80,8,August,2023
Mike Trésor,Burnley,Left winger,24,2023/24,78,hamstring injury,2023-08-10,2023-09-17,unknown,Unknown,,,unknown,Unknown,,,unknown,Unknown,,,lose,Tottenham,-3.0,unknown,Unknown,,unknown,Unknown,,draw,Nottm Forest,0.0,6.0,lose,Man United,-1.0,,lose,Chelsea,-3.0,5.6,0.0,1.3333333333333333,-3.0,0.0,-1.3333333333333333,0.3333333333333333,6.366666666666667,5.8,-0.5666666666666673,3.0,1.3333333333333333,3.0,38,8,August,2023
Luca Koleosho,Burnley,Right winger,19,2023/24,68,knee injury,2023-12-06,2024-06-17,lose,Wolves,-1.0,6.0,win,Sheffield,5.0,7.2,lose,West Ham,-1.0,6.0,draw,Brighton,0.0,lose,Everton,-2.0,win,Fulham,2.0,unknown,Unknown,,,unknown,Unknown,,,unknown,Unknown,,,1.0,1.0,0.0,1.3333333333333333,0.0,1.3333333333333333,6.3999999999999995,6.4,8.881784197001252e-16,1.0,-0.33333333333333326,1.0,194,12,December,2023
Nathan Redmond,Burnley,Right winger,29,2023/24,75,unknown injur,2023-09-10,2023-10-15,lose,Tottenham,-3.0,,lose,Aston Villa,-2.0,5.7,unknown,Unknown,,,draw,Nottm Forest,0.0,lose,Man United,-1.0,lose,Newcastle,-2.0,lose,Brentford,-3.0,6.0,lose,Crystal Palace,-2.0,5.0,win,Sheffield,5.0,6.0,-2.5,0.0,-1.0,0.3333333333333333,0.0,1.0,5.7,5.666666666666667,-0.033333333333333215,-1.5,-0.3333333333333333,-1.5,35,9,September,2023
Lyle Foster,Burnley,Center Forward,23,2023/24,69,depression,2023-11-09,2023-12-10,lose,Brentford,-3.0,5.9,lose,Chelsea,-3.0,5.7,win,Luton Town,1.0,6.9,lose,Arsenal,-2.0,lose,West Ham,-1.0,win,Sheffield,5.0,lose,Everton,-2.0,6.0,win,Fulham,2.0,6.1,lose,Liverpool,-2.0,5.1,-1.6666666666666667,1.0,0.6666666666666666,1.0,-0.6666666666666666,1.0,6.166666666666667,5.733333333333333,-0.43333333333333357,-2.3333333333333335,0.0,-2.3333333333333335,31,11,November,2023
Ameen Al-Dakhil,Burnley,Center Back,21,2023/24,72,muscle injury,2024-02-08,2024-09-23,lose,Man City,-2.0,6.8,draw,Luton Town,0.0,6.3,unknown,Unknown,,,lose,Liverpool,-2.0,lose,Arsenal,-5.0,lose,Crystal Palace,-3.0,unknown,Unknown,,,unknown,Unknown,,,unknown,Unknown,,,-1.0,0.5,-3.3333333333333335,0.0,0.0,1.3333333333333333,6.55,6.4,-0.14999999999999947,2.3333333333333335,0.5,2.3333333333333335,228,2,February,2024
Vitinho,Burnley,Right Back,24,2023/24,71,knee injury,2023-08-30,2023-09-25,lose,Man City,-3.0,5.5,unknown,Unknown,,,unknown,Unknown,,,lose,Tottenham,-3.0,draw,Nottm Forest,0.0,lose,Man United,-1.0,lose,Chelsea,-3.0,5.3,lose,Bournemouth,-1.0,5.3,lose,Crystal Palace,-2.0,6.0,-3.0,0.0,-1.3333333333333333,0.3333333333333333,-2.0,0.0,5.5,5.533333333333334,0.0333333333333341,-1.6666666666666667,-0.3333333333333333,-1.6666666666666667,26,8,August,2023
Jordan Pickford,Everton,Goalkeeper,26,2020/21,80,chest injury,2021-01-28,2021-02-18,lose,Newcastle,-2.0,5.9,draw,Leicester,0.0,6.5,win,Wolves,1.0,6.3,win,Leeds,1.0,draw,Man United,0.0,lose,Fulham,-2.0,lose,Man City,-2.0,6.0,win,Liverpool,2.0,8.2,win,Southampton,1.0,6.7,-0.3333333333333333,1.3333333333333333,-0.3333333333333333,1.3333333333333333,0.3333333333333333,2.0,6.233333333333333,6.966666666666666,0.7333333333333325,0.0,0.0,0.0,21,1,January,2021
Jordan Pickford,Everton,Goalkeeper,27,2021/22,81,shoulder injury,2021-09-13,2021-09-27,win,Burnley,2.0,7.3,win,Brighton,2.0,7.0,draw,Leeds,0.0,7.0,lose,Aston Villa,-3.0,unknown,Unknown,,unknown,Unknown,,win,Norwich City,2.0,6.0,draw,Man United,0.0,7.1,lose,West Ham,-1.0,6.8,1.3333333333333333,2.3333333333333335,-3.0,0.0,0.3333333333333333,1.3333333333333333,7.1000000000000005,6.633333333333333,-0.4666666666666677,4.333333333333333,2.3333333333333335,4.333333333333333,14,9,September,2021
Jordan Pickford,Everton,Goalkeeper,28,2022/23,82,thigh problems,2022-09-09,2022-09-27,draw,Liverpool,0.0,9.0,draw,Leeds,0.0,6.0,draw,Brentford,0.0,7.3,win,West Ham,1.0,unknown,Unknown,,unknown,Unknown,,win,Southampton,1.0,7.5,lose,Man United,-1.0,5.9,lose,Tottenham,-2.0,6.0,0.0,1.0,1.0,3.0,-0.6666666666666666,1.0,7.433333333333334,6.466666666666666,-0.9666666666666677,-1.0,-2.0,-1.0,18,9,September,2022
Michael Keane,Everton,Center Back,27,2019/20,79,neck injury,2020-01-17,2020-01-20,win,Brighton,1.0,7.6,win,Newcastle,1.0,6.2,draw,Arsenal,0.0,,draw,West Ham,0.0,unknown,Unknown,,unknown,Unknown,,win,Watford,1.0,,win,Crystal Palace,2.0,6.4,draw,Man United,0.0,6.6,0.6666666666666666,2.3333333333333335,0.0,1.0,1.0,2.3333333333333335,6.9,6.5,-0.40000000000000036,0.6666666666666666,1.3333333333333335,0.6666666666666666,3,1,January,2020
Yerry Mina,Everton,Center Back,25,2019/20,79,knee injury,2019-10-20,2019-11-02,win,West Ham,2.0,7.1,lose,Burnley,-1.0,6.6,lose,Man City,-2.0,6.2,lose,Brighton,-1.0,unknown,Unknown,,unknown,Unknown,,draw,Tottenham,0.0,6.6,win,Southampton,1.0,6.4,lose,Norwich City,-2.0,5.8,-0.3333333333333333,1.0,-1.0,0.0,-0.3333333333333333,1.3333333333333333,6.633333333333333,6.266666666666667,-0.36666666666666625,0.6666666666666667,1.0,0.6666666666666667,13,10,October,2019
Yerry Mina,Everton,Center Back,25,2019/20,79,bruise,2019-12-06,2019-12-14,lose,Liverpool,-3.0,5.8,lose,Leicester,-1.0,6.1,lose,Norwich City,-2.0,5.8,win,Chelsea,2.0,unknown,Unknown,,unknown,Unknown,,draw,Man United,0.0,5.9,draw,Arsenal,0.0,7.1,win,Burnley,1.0,8.1,-2.0,0.0,2.0,3.0,0.3333333333333333,1.6666666666666667,5.8999999999999995,7.033333333333334,1.1333333333333346,-4.0,-3.0,-4.0,8,12,December,2019
Yerry Mina,Everton,Center Back,25,2019/20,79,muscle injury,2020-07-13,2020-09-12,lose,Wolves,-3.0,6.2,draw,Southampton,0.0,6.8,lose,Tottenham,-1.0,6.6,draw,Aston Villa,0.0,win,Sheffield,1.0,lose,Bournemouth,-2.0,unknown,Unknown,,,unknown,Unknown,,,unknown,Unknown,,,-1.3333333333333333,0.3333333333333333,-0.3333333333333333,1.3333333333333333,0.0,1.3333333333333333,6.533333333333334,6.588888888888889,0.05555555555555447,-1.0,-1.0,-1.0,61,7,July,2020
Yerry Mina,Everton,Center Back,26,2020/21,79,calf injury,2021-02-18,2021-03-12,lose,Man City,-2.0,5.8,win,Leeds,1.0,6.5,lose,Newcastle,-2.0,6.4,win,Liverpool,2.0,win,Southampton,1.0,win,West Brom,1.0,draw,Crystal Palace,0.0,7.4,draw,Brighton,0.0,6.8,win,West Ham,1.0,6.6,-1.0,1.0,1.3333333333333333,3.0,0.3333333333333333,1.6666666666666667,6.233333333333333,6.933333333333334,0.7000000000000002,-2.333333333333333,-2.0,-2.333333333333333,22,2,February,2021
Yerry Mina,Everton,Center Back,27,2021/22,79,thigh problems,2021-10-22,2021-11-30,draw,Man United,0.0,6.8,win,Norwich City,2.0,7.0,lose,Aston Villa,-3.0,6.0,lose,Watford,-3.0,lose,Wolves,-1.0,draw,Tottenham,0.0,win,Arsenal,1.0,6.3,unknown,Unknown,,,unknown,Unknown,,,-0.3333333333333333,1.3333333333333333,-1.3333333333333333,0.3333333333333333,1.0,3.0,6.6000000000000005,6.3,-0.3000000000000007,1.0,1.0,1.0,39,10,October,2021
Yerry Mina,Everton,Center Back,27,2021/22,79,hamstring injury,2022-02-08,2022-04-11,lose,Newcastle,-2.0,5.9,lose,Aston Villa,-1.0,7.0,lose,Norwich City,-1.0,6.0,win,Leeds,3.0,lose,Southampton,-2.0,lose,Man City,-1.0,draw,Leicester,0.0,6.6,win,Chelsea,1.0,6.4,win,Leicester,1.0,4.7,-1.3333333333333333,0.0,0.0,1.0,0.6666666666666666,2.3333333333333335,6.3,5.8999999999999995,-0.40000000000000036,-1.3333333333333333,-1.0,-1.3333333333333333,62,2,February,2022
Yerry Mina,Everton,Center Back,27,2022/23,76,ankle injury,2022-08-06,2022-10-31,lose,Chelsea,-1.0,5.8,unknown,Unknown,,,unknown,Unknown,,,lose,Aston Villa,-1.0,draw,Nottm Forest,0.0,draw,Brentford,0.0,lose,Wolves,-1.0,7.1,unknown,Unknown,,,unknown,Unknown,,,-1.0,0.0,-0.3333333333333333,0.6666666666666666,-1.0,0.0,5.8,7.1,1.2999999999999998,-0.6666666666666667,-0.6666666666666666,-0.6666666666666667,86,8,August,2022
Mason Holgate,Everton,Center Back,22,2019/20,77,calf injury,2020-07-07,2020-07-15,lose,Tottenham,-1.0,5.8,win,Leicester,1.0,6.7,win,Norwich City,1.0,8.1,draw,Southampton,0.0,lose,Wolves,-3.0,unknown,Unknown,,draw,Aston Villa,0.0,6.2,unknown,Unknown,,,unknown,Unknown,,,0.3333333333333333,2.0,-1.5,0.5,0.0,1.0,6.866666666666667,6.2,-0.666666666666667,1.8333333333333333,1.5,1.8333333333333333,8,7,July,2020
Mason Holgate,Everton,Center Back,22,2020/21,77,ankle injury,2020-09-18,2020-11-06,unknown,Unknown,,,unknown,Unknown,,,unknown,Unknown,,,win,West Brom,3.0,win,Crystal Palace,1.0,win,Brighton,2.0,lose,Man United,-2.0,7.6,lose,Leeds,-1.0,6.7,win,Chelsea,1.0,6.9,0.0,1.3333333333333333,2.0,3.0,-0.6666666666666666,1.0,6.633333333333333,7.066666666666666,0.43333333333333357,-2.0,-1.6666666666666667,-2.0,49,9,September,2020
Mason Holgate,Everton,Center Back,24,2022/23,75,knee injury,2022-08-27,2022-10-16,draw,Brentford,0.0,6.7,draw,Nottm Forest,0.0,6.5,lose,Aston Villa,-1.0,6.0,draw,Leeds,0.0,draw,Liverpool,0.0,win,West Ham,1.0,unknown,Unknown,,,unknown,Unknown,,,unknown,Unknown,,,-0.3333333333333333,0.6666666666666666,0.3333333333333333,1.6666666666666667,0.0,1.3333333333333333,6.3999999999999995,6.633333333333333,0.2333333333333334,-0.6666666666666666,-1.0,-0.6666666666666666,50,8,August,2022
Lucas Digne,Everton,Left Back,26,2019/20,83,calf injury,2020-02-09,2020-03-07,win,Crystal Palace,2.0,7.4,win,Watford,1.0,6.6,draw,Newcastle,0.0,7.7,lose,Arsenal,-1.0,draw,Man United,0.0,unknown,Unknown,,lose,Chelsea,-4.0,5.9,draw,Liverpool,0.0,7.3,win,Norwich City,1.0,7.9,1.0,2.3333333333333335,-0.5,0.5,-1.0,1.3333333333333333,7.233333333333333,7.033333333333334,-0.1999999999999993,1.5,1.8333333333333335,1.5,27,2,February,2020
Lucas Digne,Everton,Left Back,27,2020/21,84,ankle injury,2020-11-26,2021-01-11,win,Fulham,1.0,9.0,lose,Man United,-2.0,6.4,lose,Southampton,-2.0,5.7,lose,Leeds,-1.0,draw,Burnley,0.0,win,Chelsea,1.0,win,Wolves,1.0,6.3,draw,Leicester,0.0,6.2,lose,Newcastle,-2.0,7.6,-1.0,1.0,0.0,1.3333333333333333,-0.3333333333333333,1.3333333333333333,7.033333333333334,6.7,-0.3333333333333339,-1.0,-0.33333333333333326,-1.0,46,11,November,2020
Djibril Sidibé,Everton,Right Back,27,2019/20,78,unknown injury,2019-12-15,2019-12-18,win,Chelsea,2.0,7.9,lose,Liverpool,-3.0,5.6,lose,Leicester,-1.0,7.6,draw,Man United,0.0,unknown,Unknown,,unknown,Unknown,,draw,Arsenal,0.0,7.2,win,Burnley,1.0,7.0,win,Newcastle,1.0,7.3,-0.6666666666666666,1.0,0.0,1.0,0.6666666666666666,2.3333333333333335,7.033333333333334,7.166666666666667,0.13333333333333286,-0.6666666666666666,0.0,-0.6666666666666666,3,12,December,2019
Djibril Sidibé,Everton,Right Back,27,2019/20,78,foot injury,2020-06-21,2020-07-01,lose,Chelsea,-4.0,5.9,draw,Man United,0.0,,lose,Arsenal,-1.0,6.2,draw,Liverpool,0.0,win,Norwich City,1.0,unknown,Unknown,,lose,Tottenham,-1.0,6.0,draw,Southampton,0.0,6.2,win,Sheffield,1.0,7.0,-1.6666666666666667,0.3333333333333333,0.5,2.0,0.0,1.3333333333333333,6.050000000000001,6.3999999999999995,0.34999999999999876,-2.166666666666667,-1.6666666666666667,-2.166666666666667,10,6,June,2020
Séamus Coleman,Everton,Right Back,30,2019/20,78,hamstring injury,2019-11-24,2019-12-14,lose,Norwich City,-2.0,,unknown,Unknown,,,unknown,Unknown,,,lose,Leicester,-1.0,lose,Liverpool,-3.0,win,Chelsea,2.0,draw,Man United,0.0,6.2,win,Burnley,1.0,6.9,win,Newcastle,1.0,,-2.0,0.0,-0.6666666666666666,1.0,0.6666666666666666,2.3333333333333335,6.2875000000000005,6.550000000000001,0.2625000000000002,-1.3333333333333335,-1.0,-1.3333333333333335,20,11,November,2019
Séamus Coleman,Everton,Right Back,30,2019/20,78,hamstring strain,2020-03-02,2020-06-14,draw,Man United,0.0,5.7,win,Crystal Palace,2.0,6.6,draw,Newcastle,0.0,,lose,Chelsea,-4.0,unknown,Unknown,,unknown,Unknown,,draw,Liverpool,0.0,7.4,win,Norwich City,1.0,6.6,win,Leicester,1.0,6.9,0.6666666666666666,1.6666666666666667,-4.0,0.0,0.6666666666666666,2.3333333333333335,6.15,6.966666666666666,0.8166666666666655,4.666666666666667,1.6666666666666667,4.666666666666667,104,3,March,2020
Séamus Coleman,Everton,Right Back,31,2020/21,79,muscle injury,2020-10-17,2020-12-18,draw,Liverpool,0.0,5.8,win,Brighton,2.0,6.8,win,Crystal Palace,1.0,7.4,lose,Southampton,-2.0,lose,Newcastle,-1.0,win,Fulham,1.0,win,Sheffield,1.0,6.0,lose,West Ham,-1.0,6.3,unknown,Unknown,,,1.0,2.3333333333333335,-0.6666666666666666,1.0,0.0,1.5,6.666666666666667,6.15,-0.5166666666666666,1.6666666666666665,1.3333333333333335,1.6666666666666665,62,10,October,2020
Séamus Coleman,Everton,Right Back,31,2021/22,78,hamstring injury,2021-09-17,2021-10-15,win,Burnley,2.0,6.3,win,Brighton,2.0,6.4,draw,Leeds,0.0,6.0,lose,Aston Villa,-3.0,win,Norwich City,2.0,draw,Man United,0.0,lose,West Ham,-1.0,6.2,lose,Watford,-3.0,5.0,lose,Wolves,-1.0,6.3,1.3333333333333333,2.3333333333333335,-0.3333333333333333,1.3333333333333333,-1.6666666666666667,0.0,6.233333333333333,5.833333333333333,-0.40000000000000036,1.6666666666666665,1.0000000000000002,1.6666666666666665,28,9,September,2021
Séamus Coleman,Everton,Right Back,33,2022/23,75,knee injury,2023-05-01,2023-11-23,draw,Leicester,0.0,6.3,lose,Man United,-2.0,5.8,draw,Tottenham,0.0,6.2,win,Brighton,4.0,lose,Man City,-3.0,draw,Wolves,0.0,win,Newcastle,3.0,6.8,unknown,Unknown,,,unknown,Unknown,,,-0.6666666666666666,0.6666666666666666,0.3333333333333333,1.3333333333333333,3.0,3.0,6.1000000000000005,6.8,0.6999999999999993,-1.0,-0.6666666666666666,-1.0,206,5,May,2023
Jean-Philippe Gbamin,Everton,Defensive Midfielder,24,2019/20,79,"hamstring injury, archilles tendon rupture and inner ligament injury",2019-08-18,2021-06-30,win,Watford,1.0,6.7,draw,Crystal Palace,0.0,,unknown,Unknown,,,lose,Aston Villa,-2.0,win,Wolves,1.0,lose,Bournemouth,-2.0,unknown,Unknown,,,unknown,Unknown,,,unknown,Unknown,,,0.5,2.0,-1.0,1.0,0.0,1.3333333333333333,6.7,6.4,-0.2999999999999998,1.5,1.0,1.5,682,8,August,2019
Morgan Schneiderlin,Everton,Defensive Midfielder,29,2019/20,76,calf strain,2019-12-08,2020-01-04,win,Chelsea,2.0,6.3,lose,Liverpool,-3.0,,lose,Leicester,-1.0,,draw,Man United,0.0,draw,Arsenal,0.0,win,Burnley,1.0,draw,Newcastle,0.0,7.8,win,Watford,1.0,,win,Crystal Palace,2.0,7.6,-0.6666666666666666,1.0,0.3333333333333333,1.6666666666666667,1.0,2.3333333333333335,6.3,7.699999999999999,1.3999999999999995,-1.0,-0.6666666666666667,-1.0,27,12,December,2019
Morgan Schneiderlin,Everton,Defensive Midfielder,29,2019/20,76,knee injury,2020-02-24,2020-08-22,lose,Arsenal,-1.0,5.7,win,Crystal Palace,2.0,7.6,win,Watford,1.0,,draw,Man United,0.0,lose,Chelsea,-4.0,draw,Liverpool,0.0,unknown,Unknown,,,unknown,Unknown,,,unknown,Unknown,,,0.6666666666666666,2.0,-1.3333333333333333,0.6666666666666666,0.0,1.3333333333333333,6.65,7.699999999999999,1.049999999999999,2.0,1.3333333333333335,2.0,180,2,February,2020
André Gomes,Everton,Central Midfielder,26,2019/20,80,bruised ribs,2019-09-02,2019-10-04,win,Wolves,1.0,7.3,lose,Aston Villa,-2.0,6.4,win,Watford,1.0,6.4,lose,Bournemouth,-2.0,lose,Sheffield,-2.0,lose,Man City,-2.0,win,West Ham,2.0,7.0,lose,Brighton,-1.0,6.2,draw,Tottenham,0.0,6.0,0.0,2.0,-2.0,0.0,0.3333333333333333,1.3333333333333333,6.7,6.3999999999999995,-0.3000000000000007,2.0,2.0,2.0,32,9,September,2019
André Gomes,Everton,Central Midfielder,26,2019/20,80,ankle injury,2019-11-04,2020-02-21,win,West Ham,2.0,7.0,lose,Brighton,-1.0,6.2,draw,Tottenham,0.0,6.0,win,Southampton,1.0,lose,Norwich City,-2.0,lose,Leicester,-1.0,lose,Arsenal,-1.0,,draw,Man United,0.0,6.8,lose,Chelsea,-4.0,6.0,0.3333333333333333,1.3333333333333333,-0.6666666666666666,1.0,-1.6666666666666667,0.3333333333333333,6.3999999999999995,6.4,8.881784197001252e-16,1.0,0.33333333333333326,1.0,109,11,November,2019
André Gomes,Everton,Central Midfielder,27,2020/21,79,bruise,2020-09-27,2020-10-16,win,Crystal Palace,1.0,6.7,win,West Brom,3.0,7.1,win,Tottenham,1.0,6.4,win,Brighton,2.0,unknown,Unknown,,unknown,Unknown,,draw,Liverpool,0.0,6.0,lose,Newcastle,-1.0,5.2,unknown,Unknown,,,1.6666666666666667,3.0,2.0,3.0,-0.5,0.5,6.733333333333333,5.6,-1.1333333333333337,-0.33333333333333326,0.0,-0.33333333333333326,19,9,September,2020
André Gomes,Everton,Central Midfielder,28,2021/22,76,calf injury,2021-09-21,2021-12-05,lose,Aston Villa,-3.0,,win,Burnley,2.0,,win,Brighton,2.0,,win,Norwich City,2.0,draw,Man United,0.0,lose,West Ham,-1.0,win,Arsenal,1.0,,lose,Crystal Palace,-2.0,6.2,draw,Chelsea,0.0,5.6,0.3333333333333333,2.0,0.3333333333333333,1.3333333333333333,-0.3333333333333333,1.3333333333333333,6.611111111111111,5.9,-0.7111111111111104,0.0,0.6666666666666667,0.0,75,9,September,2021
André Gomes,Everton,Central Midfielder,29,2023/24,77,fitness,2023-08-13,2023-12-03,unknown,Unknown,,,unknown,Unknown,,,unknown,Unknown,,,lose,Aston Villa,-4.0,lose,Wolves,-1.0,draw,Sheffield,0.0,lose,Tottenham,-1.0,,lose,Man City,-2.0,5.5,lose,Wolves,-3.0,6.0,0.0,1.3333333333333333,-1.6666666666666667,0.3333333333333333,-2.0,0.0,6.611111111111111,5.75,-0.8611111111111107,1.6666666666666667,1.0,1.6666666666666667,112,8,August,2023
Tom Davies,Everton,Central Midfielder,21,2019/20,75,ill,2020-01-30,2020-02-04,draw,West Ham,0.0,6.3,win,Brighton,1.0,6.7,lose,Man City,-1.0,6.7,win,Watford,1.0,unknown,Unknown,,unknown,Unknown,,win,Crystal Palace,2.0,,draw,Man United,0.0,6.5,lose,Chelsea,-4.0,5.5,0.0,1.3333333333333333,1.0,3.0,-0.6666666666666666,1.3333333333333333,6.566666666666666,6.0,-0.5666666666666664,-1.0,-1.6666666666666667,-1.0,5,1,January,2020
Tom Davies,Everton,Central Midfielder,22,2020/21,75,bruise,2020-10-28,2020-11-04,win,Brighton,2.0,7.0,unknown,Unknown,,,unknown,Unknown,,,lose,Newcastle,-1.0,unknown,Unknown,,unknown,Unknown,,win,Fulham,1.0,,lose,Leeds,-1.0,6.1,unknown,Unknown,,,2.0,3.0,-1.0,0.0,0.0,1.5,7.0,6.1,-0.9000000000000004,3.0,3.0,3.0,7,10,October,2020
Tom Davies,Everton,Central Midfielder,23,2021/22,75,knee injury,2021-11-19,2022-06-30,draw,Tottenham,0.0,,lose,Watford,-3.0,6.0,draw,Man United,0.0,,lose,Man City,-3.0,lose,Brentford,-1.0,lose,Liverpool,-3.0,unknown,Unknown,,,unknown,Unknown,,,unknown,Unknown,,,-1.0,0.6666666666666666,-2.3333333333333335,0.0,0.0,1.3333333333333333,6.0,6.05,0.04999999999999982,1.3333333333333335,0.6666666666666666,1.3333333333333335,223,11,November,2021
Fabian Delph,Everton,Central Midfielder,28,2019/20,77,calf injury,2019-08-03,2019-08-31,unknown,Unknown,,,unknown,Unknown,,,unknown,Unknown,,,draw,Crystal Palace,0.0,win,Watford,1.0,lose,Aston Villa,-2.0,win,Wolves,1.0,6.6,lose,Bournemouth,-2.0,5.8,lose,Sheffield,-2.0,6.5,0.0,1.3333333333333333,-0.3333333333333333,1.3333333333333333,-1.0,1.0,6.473333333333334,6.3,-0.17333333333333378,0.3333333333333333,0.0,0.3333333333333333,28,8,August,2019
Fabian Delph,Everton,Central Midfielder,28,2019/20,77,muscle injury,2019-10-06,2019-10-24,lose,Sheffield,-2.0,6.5,lose,Man City,-2.0,6.5,lose,Burnley,-1.0,6.4,win,West Ham,2.0,unknown,Unknown,,unknown,Unknown,,lose,Brighton,-1.0,,draw,Tottenham,0.0,7.0,unknown,Unknown,,,-1.6666666666666667,0.0,2.0,3.0,-0.5,0.5,6.466666666666666,7.0,0.5333333333333341,-3.666666666666667,-3.0,-3.666666666666667,18,10,October,2019
Fabian Delph,Everton,Central Midfielder,28,2019/20,77,muscle injury,2019-11-04,2019-12-20,draw,Tottenham,0.0,7.0,lose,Brighton,-1.0,,unknown,Unknown,,,win,Southampton,1.0,lose,Norwich City,-2.0,lose,Leicester,-1.0,draw,Arsenal,0.0,6.8,win,Burnley,1.0,6.7,win,Newcastle,1.0,,-0.5,0.5,-0.6666666666666666,1.0,0.6666666666666666,2.3333333333333335,7.0,6.75,-0.25,0.16666666666666663,-0.5,0.16666666666666663,46,11,November,2019
Fabian Delph,Everton,Central Midfielder,29,2019/20,77,calf injury,2020-06-02,2020-09-23,lose,Arsenal,-1.0,6.4,win,Watford,1.0,5.6,draw,Newcastle,0.0,6.9,draw,Liverpool,0.0,win,Norwich City,1.0,win,Leicester,1.0,win,Brighton,2.0,,lose,Southampton,-2.0,,lose,Newcastle,-1.0,7.0,0.0,1.3333333333333333,0.6666666666666666,2.3333333333333335,-0.3333333333333333,1.0,6.3,7.0,0.7000000000000002,-0.6666666666666666,-1.0000000000000002,-0.6666666666666666,113,6,June,2020
Fabian Delph,Everton,Central Midfielder,29,2020/21,75,bruise,2020-11-02,2020-11-27,win,Brighton,2.0,,lose,Southampton,-2.0,,lose,Newcastle,-1.0,7.0,lose,Man United,-2.0,win,Fulham,1.0,unknown,Unknown,,lose,Leeds,-1.0,,draw,Burnley,0.0,5.6,unknown,Unknown,,,-0.3333333333333333,1.0,-0.5,1.5,-0.5,0.5,7.0,5.6,-1.4000000000000004,0.16666666666666669,-0.5,0.16666666666666669,25,11,November,2020
Fabian Delph,Everton,Central Midfielder,30,2020/21,75,hamstring injury,2020-12-06,2021-02-03,lose,Leeds,-1.0,,draw,Burnley,0.0,5.6,unknown,Unknown,,,win,Chelsea,1.0,win,Leicester,2.0,win,Arsenal,1.0,unknown,Unknown,,,unknown,Unknown,,,unknown,Unknown,,,-0.5,0.5,1.3333333333333333,3.0,0.0,1.3333333333333333,5.6,6.521428571428571,0.9214285714285717,-1.8333333333333333,-2.5,-1.8333333333333333,59,12,December,2020
Fabian Delph,Everton,Central Midfielder,30,2021/22,75,shoulder injury,2021-08-27,2021-10-25,unknown,Unknown,,,unknown,Unknown,,,unknown,Unknown,,,win,Brighton,2.0,win,Burnley,2.0,lose,Aston Villa,-3.0,lose,Wolves,-1.0,,draw,Tottenham,0.0,7.0,lose,Man City,-3.0,5.0,0.0,1.3333333333333333,0.3333333333333333,2.0,-1.3333333333333333,0.3333333333333333,6.473333333333334,6.0,-0.4733333333333336,-0.3333333333333333,-0.6666666666666667,-0.3333333333333333,59,8,August,2021
Fabian Delph,Everton,Central Midfielder,31,2021/22,75,hamstring injury,2022-01-21,2022-04-05,unknown,Unknown,,,unknown,Unknown,,,unknown,Unknown,,,lose,Aston Villa,-1.0,lose,Newcastle,-2.0,win,Leeds,3.0,win,Man United,1.0,8.0,draw,Leicester,0.0,7.0,win,Chelsea,1.0,6.0,0.0,1.3333333333333333,0.0,1.0,0.6666666666666666,2.3333333333333335,6.473333333333334,7.0,0.5266666666666664,0.0,0.33333333333333326,0.0,74,1,January,2022
Gylfi Sigurdsson,Everton,Attacking Midfielder,30,2019/20,80,knock,2019-12-08,2019-12-20,win,Chelsea,2.0,6.6,lose,Liverpool,-3.0,6.5,lose,Leicester,-1.0,6.3,draw,Man United,0.0,unknown,Unknown,,unknown,Unknown,,draw,Arsenal,0.0,6.6,win,Burnley,1.0,7.2,win,Newcastle,1.0,6.6,-0.6666666666666666,1.0,0.0,1.0,0.6666666666666666,2.3333333333333335,6.466666666666666,6.8,0.3333333333333339,-0.6666666666666666,0.0,-0.6666666666666666,12,12,December,2019
Gylfi Sigurdsson,Everton,Attacking Midfielder,30,2019/20,80,groin injury,2020-01-12,2020-01-31,win,Newcastle,1.0,6.6,lose,Man City,-1.0,6.3,win,Brighton,1.0,6.9,draw,West Ham,0.0,draw,Newcastle,0.0,unknown,Unknown,,win,Watford,1.0,7.2,win,Crystal Palace,2.0,6.6,lose,Arsenal,-1.0,5.7,0.3333333333333333,2.0,0.0,1.0,0.6666666666666666,2.0,6.6000000000000005,6.5,-0.10000000000000053,0.3333333333333333,1.0,0.3333333333333333,19,1,January,2020
Alex Iwobi,Everton,Left winger,23,2019/20,77,hamstring injury,2019-12-23,2020-01-27,draw,Arsenal,0.0,5.6,draw,Man United,0.0,6.3,win,Chelsea,2.0,5.8,win,Burnley,1.0,win,Newcastle,1.0,lose,Man City,-1.0,win,Watford,1.0,5.8,lose,Arsenal,-1.0,6.4,unknown,Unknown,,,0.6666666666666666,1.6666666666666667,0.3333333333333333,2.0,0.0,1.5,5.8999999999999995,6.1,0.20000000000000018,0.3333333333333333,-0.33333333333333326,0.3333333333333333,35,12,December,2019
Alex Iwobi,Everton,Left winger,25,2021/22,76,calf injury,2021-10-01,2021-10-13,win,Norwich City,2.0,7.0,lose,Aston Villa,-3.0,6.0,win,Brighton,2.0,,draw,Man United,0.0,unknown,Unknown,,unknown,Unknown,,lose,West Ham,-1.0,5.5,lose,Wolves,-1.0,7.9,lose,Man City,-3.0,,0.3333333333333333,2.0,0.0,1.0,-1.6666666666666667,0.0,6.5,6.7,0.20000000000000018,0.3333333333333333,1.0,0.3333333333333333,12,10,October,2021
Alex Iwobi,Everton,Left winger,27,2023/24,76,hamstring injury,2023-08-20,2023-09-15,lose,Aston Villa,-4.0,5.2,lose,Fulham,-1.0,6.4,unknown,Unknown,,,lose,Wolves,-1.0,unknown,Unknown,,unknown,Unknown,,unknown,Unknown,,,unknown,Unknown,,,unknown,Unknown,,,-2.5,0.0,-1.0,0.0,0.0,1.3333333333333333,5.800000000000001,6.4,0.5999999999999996,-1.5,0.0,-1.5,26,8,August,2023
Bernard,Everton,Left winger,27,2019/20,78,ill,2019-09-26,2019-10-04,lose,Sheffield,-2.0,5.8,lose,Bournemouth,-2.0,,win,Wolves,1.0,,lose,Man City,-2.0,unknown,Unknown,,unknown,Unknown,,win,West Ham,2.0,7.2,lose,Brighton,-1.0,5.4,unknown,Unknown,,,-1.0,1.0,-2.0,0.0,0.5,1.5,5.8,6.300000000000001,0.5000000000000009,1.0,1.0,1.0,8,9,September,2019
Bernard,Everton,Left winger,27,2019/20,78,knee injury,2019-10-27,2019-11-30,win,West Ham,2.0,7.2,lose,Brighton,-1.0,5.4,unknown,Unknown,,,draw,Tottenham,0.0,win,Southampton,1.0,lose,Norwich City,-2.0,lose,Liverpool,-3.0,,draw,Man United,0.0,6.2,win,Burnley,1.0,6.4,0.5,1.5,-0.3333333333333333,1.3333333333333333,-0.6666666666666666,1.3333333333333333,6.300000000000001,6.300000000000001,0.0,0.8333333333333333,0.16666666666666674,0.8333333333333333,34,10,October,2019
Bernard,Everton,Left winger,27,2019/20,78,knee injury,2020-01-01,2020-01-04,lose,Liverpool,-3.0,,draw,Man United,0.0,6.2,win,Burnley,1.0,6.4,lose,Man City,-1.0,unknown,Unknown,,unknown,Unknown,,win,Brighton,1.0,6.4,draw,West Ham,0.0,5.7,draw,Newcastle,0.0,7.4,-0.6666666666666666,1.3333333333333333,-1.0,0.0,0.3333333333333333,1.6666666666666667,6.300000000000001,6.5,0.1999999999999993,0.33333333333333337,1.3333333333333333,0.33333333333333337,3,1,January,2020
Anthony Gordon,Everton,Left winger,21,2022/23,74,ill,2022-12-29,2023-01-04,lose,Wolves,-1.0,6.4,lose,Bournemouth,-3.0,,lose,Leicester,-2.0,,draw,Man City,0.0,lose,Brighton,-3.0,unknown,Unknown,,lose,Southampton,-1.0,,unknown,Unknown,,,unknown,Unknown,,,-2.0,0.0,-1.5,0.5,-1.0,0.0,6.4,6.4,0.0,-0.5,-0.5,-0.5,6,12,December,2022
Theo Walcott,Everton,Right winger,30,2019/20,76,head injury,2019-09-09,2019-10-18,lose,Sheffield,-2.0,,lose,Bournemouth,-2.0,,lose,Aston Villa,-2.0,5.0,lose,Burnley,-1.0,unknown,Unknown,,unknown,Unknown,,win,West Ham,2.0,7.2,win,Brighton,1.0,6.1,draw,Tottenham,0.0,5.2,-2.0,0.0,-1.0,0.0,1.0,2.3333333333333335,5.0,6.166666666666667,1.166666666666667,-1.0,0.0,-1.0,39,9,September,2019
Theo Walcott,Everton,Right winger,30,2019/20,76,knock,2019-11-24,2019-12-04,lose,Norwich City,-2.0,5.9,win,Southampton,1.0,5.7,draw,Tottenham,0.0,5.2,lose,Leicester,-1.0,unknown,Unknown,,unknown,Unknown,,win,Chelsea,2.0,5.5,unknown,Unknown,,,unknown,Unknown,,,-0.3333333333333333,1.3333333333333333,-1.0,0.0,2.0,3.0,5.6000000000000005,5.5,-0.10000000000000053,0.6666666666666667,1.3333333333333333,0.6666666666666667,10,11,November,2019
Theo Walcott,Everton,Right winger,30,2019/20,76,calf strain,2019-12-08,2019-12-25,win,Chelsea,2.0,5.5,unknown,Unknown,,,unknown,Unknown,,,draw,Man United,0.0,draw,Arsenal,0.0,unknown,Unknown,,win,Newcastle,1.0,6.3,lose,Man City,-1.0,,win,Brighton,1.0,5.9,2.0,3.0,0.0,1.0,0.3333333333333333,2.0,5.5,6.1,0.5999999999999996,2.0,2.0,2.0,17,12,December,2019
Theo Walcott,Everton,Right winger,30,2019/20,76,knee injury,2020-02-09,2020-02-28,win,Crystal Palace,2.0,6.2,win,Watford,1.0,6.6,draw,Newcastle,0.0,6.8,lose,Arsenal,-1.0,unknown,Unknown,,unknown,Unknown,,draw,Man United,0.0,5.4,lose,Chelsea,-4.0,,unknown,Unknown,,,1.0,2.3333333333333335,-1.0,0.0,-2.0,0.5,6.533333333333334,5.4,-1.1333333333333337,2.0,2.3333333333333335,2.0,19,2,February,2020
Theo Walcott,Everton,Right winger,31,2019/20,76,abdominal muscle strain,2020-06-08,2020-07-08,draw,Man United,0.0,5.4,lose,Chelsea,-4.0,,unknown,Unknown,,,draw,Liverpool,0.0,win,Norwich City,1.0,win,Leicester,1.0,lose,Wolves,-3.0,5.5,draw,Aston Villa,0.0,,win,Sheffield,1.0,6.4,-2.0,0.5,0.6666666666666666,2.3333333333333335,-0.6666666666666666,1.3333333333333333,5.4,5.95,0.5499999999999998,-2.6666666666666665,-1.8333333333333335,-2.6666666666666665,30,6,June,2020
Richarlison,Everton,Center Forward,22,2019/20,81,knee injury,2020-01-12,2020-01-30,win,Brighton,1.0,8.3,lose,Man City,-1.0,6.7,win,Newcastle,1.0,7.5,draw,West Ham,0.0,draw,Newcastle,0.0,unknown,Unknown,,win,Watford,1.0,6.4,win,Crystal Palace,2.0,7.8,lose,Arsenal,-1.0,7.6,0.3333333333333333,2.0,0.0,1.0,0.6666666666666666,2.0,7.5,7.266666666666667,-0.2333333333333334,0.3333333333333333,1.0,0.3333333333333333,18,1,January,2020
Richarlison,Everton,Center Forward,23,2020/21,81,head injury,2020-12-05,2020-12-31,win,Arsenal,1.0,5.9,win,Leicester,2.0,7.1,win,Chelsea,1.0,6.8,win,Sheffield,1.0,unknown,Unknown,,unknown,Unknown,,lose,West Ham,-1.0,5.9,draw,Leicester,0.0,5.9,lose,Newcastle,-2.0,6.5,1.3333333333333333,3.0,1.0,3.0,-1.0,0.3333333333333333,6.6000000000000005,6.1000000000000005,-0.5,0.33333333333333326,0.0,0.33333333333333326,26,12,December,2020
Richarlison,Everton,Center Forward,24,2021/22,81,knee injury,2021-09-13,2021-10-22,win,Burnley,2.0,5.7,win,Brighton,2.0,5.7,draw,Leeds,0.0,7.0,lose,Aston Villa,-3.0,win,Norwich City,2.0,draw,Man United,0.0,lose,Watford,-3.0,,lose,Wolves,-1.0,5.8,draw,Tottenham,0.0,5.8,1.3333333333333333,2.3333333333333335,-0.3333333333333333,1.3333333333333333,-1.3333333333333333,0.3333333333333333,6.133333333333333,5.8,-0.33333333333333304,1.6666666666666665,1.0000000000000002,1.6666666666666665,39,9,September,2021
Richarlison,Everton,Center Forward,24,2021/22,81,calf injury,2021-12-12,2022-01-12,lose,Crystal Palace,-2.0,4.9,win,Arsenal,1.0,7.8,lose,Liverpool,-3.0,6.0,draw,Chelsea,0.0,lose,Brighton,-1.0,unknown,Unknown,,lose,Norwich City,-1.0,,lose,Aston Villa,-1.0,5.9,lose,Newcastle,-2.0,6.0,-1.3333333333333333,1.0,-0.5,0.5,-1.3333333333333333,0.0,6.233333333333333,5.95,-0.2833333333333332,-0.8333333333333333,0.5,-0.8333333333333333,31,12,December,2021
Moise Kean,Everton,Center Forward,20,2019/20,75,knee injury,2020-07-17,2020-07-25,draw,Aston Villa,0.0,,lose,Wolves,-3.0,,draw,Southampton,0.0,,win,Sheffield,1.0,unknown,Unknown,,unknown,Unknown,,lose,Bournemouth,-2.0,7.8,unknown,Unknown,,,unknown,Unknown,,,-1.0,0.6666666666666666,1.0,3.0,-2.0,0.0,6.366666666666667,7.8,1.4333333333333327,-2.0,-2.3333333333333335,-2.0,8,7,July,2020
Dominic Calvert-Lewin,Everton,Center Forward,23,2020/21,80,muscle injury,2021-01-02,2021-01-26,lose,West Ham,-1.0,6.0,win,Sheffield,1.0,6.0,win,Arsenal,1.0,6.4,win,Wolves,1.0,unknown,Unknown,,unknown,Unknown,,draw,Leicester,0.0,5.9,lose,Newcastle,-2.0,6.3,win,Leeds,1.0,7.5,0.3333333333333333,2.0,1.0,3.0,-0.3333333333333333,1.3333333333333333,6.133333333333333,6.566666666666666,0.43333333333333357,-0.6666666666666667,-1.0,-0.6666666666666667,24,1,January,2021
Dominic Calvert-Lewin,Everton,Center Forward,23,2020/21,80,hamstring injury,2021-02-11,2021-02-19,lose,Newcastle,-2.0,6.3,win,Leeds,1.0,7.5,draw,Man United,0.0,7.2,lose,Fulham,-2.0,lose,Man City,-2.0,unknown,Unknown,,win,Liverpool,2.0,,win,Southampton,1.0,6.3,win,West Brom,1.0,6.5,-0.3333333333333333,1.3333333333333333,-2.0,0.0,1.3333333333333333,3.0,7.0,6.4,-0.5999999999999996,1.6666666666666667,1.3333333333333333,1.6666666666666667,8,2,February,2021
Dominic Calvert-Lewin,Everton,Center Forward,24,2021/22,81,broken toe,2021-08-28,2021-12-31,win,Brighton,2.0,6.6,draw,Leeds,0.0,7.0,win,Southampton,2.0,7.2,win,Burnley,2.0,lose,Aston Villa,-3.0,win,Norwich City,2.0,lose,Brighton,-1.0,5.6,lose,Norwich City,-1.0,5.0,lose,Aston Villa,-1.0,5.6,1.3333333333333333,2.3333333333333335,0.3333333333333333,2.0,-1.0,0.0,6.933333333333334,5.3999999999999995,-1.533333333333334,1.0,0.3333333333333335,1.0,125,8,August,2021
Dominic Calvert-Lewin,Everton,Center Forward,25,2021/22,81,hamstring injury,2022-04-12,2022-04-30,win,Man United,1.0,5.0,lose,Burnley,-1.0,5.5,lose,West Ham,-1.0,6.0,draw,Leicester,0.0,lose,Liverpool,-2.0,unknown,Unknown,,lose,Brentford,-1.0,7.3,win,Crystal Palace,1.0,7.4,lose,Arsenal,-4.0,7.3,-0.3333333333333333,1.0,-1.0,0.5,-1.3333333333333333,1.0,5.5,7.333333333333333,1.833333333333333,0.6666666666666667,0.5,0.6666666666666667,18,4,April,2022
Dominic Calvert-Lewin,Everton,Center Forward,25,2022/23,78,knee injury,2022-08-04,2022-10-03,unknown,Unknown,,,unknown,Unknown,,,unknown,Unknown,,,lose,Chelsea,-1.0,lose,Aston Villa,-1.0,draw,Nottm Forest,0.0,lose,Man United,-1.0,6.0,lose,Tottenham,-2.0,5.3,lose,Newcastle,-1.0,5.1,0.0,1.3333333333333333,-0.6666666666666666,0.3333333333333333,-1.3333333333333333,0.0,6.408333333333333,5.466666666666666,-0.9416666666666673,0.6666666666666666,1.0,0.6666666666666666,60,8,August,2022
Dominic Calvert-Lewin,Everton,Center Forward,25,2022/23,78,hamstring injury,2022-11-05,2022-12-28,win,Crystal Palace,3.0,7.2,draw,Fulham,0.0,5.6,lose,Leicester,-2.0,6.8,lose,Bournemouth,-3.0,lose,Wolves,-1.0,unknown,Unknown,,draw,Man City,0.0,5.3,lose,Brighton,-3.0,5.4,lose,Southampton,-1.0,5.8,0.3333333333333333,1.3333333333333333,-2.0,0.0,-1.3333333333333333,0.3333333333333333,6.533333333333334,5.5,-1.033333333333334,2.3333333333333335,1.3333333333333333,2.3333333333333335,53,11,November,2022
Dominic Calvert-Lewin,Everton,Center Forward,25,2022/23,78,hamstring injury,2023-02-04,2023-04-20,win,Arsenal,1.0,6.6,lose,West Ham,-2.0,5.7,lose,Southampton,-1.0,5.8,lose,Liverpool,-2.0,win,Leeds,1.0,lose,Aston Villa,-2.0,draw,Crystal Palace,0.0,6.1,lose,Newcastle,-3.0,6.0,draw,Leicester,0.0,7.0,-0.6666666666666666,1.0,-1.0,1.0,-1.0,0.6666666666666666,6.033333333333334,6.366666666666667,0.33333333333333304,0.33333333333333337,0.0,0.33333333333333337,75,2,February,2023
Dominic Calvert-Lewin,Everton,Center Forward,26,2022/23,78,hamstring injury,2023-05-20,2023-06-20,win,Brighton,4.0,7.0,lose,Man City,-3.0,5.2,draw,Wolves,0.0,6.3,win,Bournemouth,1.0,unknown,Unknown,,unknown,Unknown,,unknown,Unknown,,,unknown,Unknown,,,unknown,Unknown,,,0.3333333333333333,1.3333333333333333,1.0,3.0,0.0,1.3333333333333333,6.166666666666667,6.37037037037037,0.20370370370370328,-0.6666666666666667,-1.6666666666666667,-0.6666666666666667,31,5,May,2023
Dominic Calvert-Lewin,Everton,Center Forward,26,2023/24,77,fitness and broken cheekbone,2023-08-01,2023-09-14,unknown,Unknown,,,unknown,Unknown,,,unknown,Unknown,,,lose,Fulham,-1.0,lose,Wolves,-1.0,draw,Sheffield,0.0,lose,Arsenal,-1.0,,win,Brentford,1.0,,lose,Luton Town,-1.0,7.4,0.0,1.3333333333333333,-0.6666666666666666,0.3333333333333333,-0.3333333333333333,1.0,6.408333333333333,7.4,0.9916666666666671,0.6666666666666666,1.0,0.6666666666666666,44,8,August,2023
Dominic Calvert-Lewin,Everton,Center Forward,27,2023/24,77,ill,2024-04-25,2024-05-01,win,Liverpool,2.0,7.3,win,Nottm Forest,2.0,6.1,win,Burnley,1.0,7.5,win,Brentford,1.0,unknown,Unknown,,unknown,Unknown,,draw,Luton Town,0.0,6.8,win,Sheffield,1.0,7.9,lose,Arsenal,-1.0,6.0,1.6666666666666667,3.0,1.0,3.0,0.0,1.3333333333333333,6.966666666666666,6.8999999999999995,-0.06666666666666643,0.6666666666666667,0.0,0.6666666666666667,6,4,April,2024
Cenk Tosun,Everton,Center Forward,28,2019/20,77,groin injury,2019-10-18,2019-10-27,lose,Sheffield,-2.0,5.1,unknown,Unknown,,,unknown,Unknown,,,win,West Ham,2.0,lose,Brighton,-1.0,unknown,Unknown,,draw,Tottenham,0.0,,win,Southampton,1.0,5.9,lose,Norwich City,-2.0,6.4,-2.0,0.0,0.5,1.5,-0.3333333333333333,1.3333333333333333,5.1,6.15,1.0500000000000007,-2.5,-1.5,-2.5,9,10,October,2019
Cenk Tosun,Everton,Center Forward,28,2019/20,77,cruciate ligament surgery,2020-03-02,2020-10-26,draw,Arsenal,0.0,,unknown,Unknown,,,unknown,Unknown,,,lose,Chelsea,-4.0,draw,Liverpool,0.0,win,Norwich City,1.0,lose,Newcastle,-1.0,,lose,Man United,-2.0,,unknown,Unknown,,,0.0,1.0,-1.0,1.3333333333333333,-1.5,0.0,5.1,6.15,1.0500000000000007,1.0,-0.33333333333333326,1.0,238,3,March,2020
Ben Godfrey,Everton,Center Back,22,2020/21,75,hamstring injury,2020-10-26,2020-11-06,lose,Southampton,-2.0,5.8,draw,Liverpool,0.0,,unknown,Unknown,,,lose,Newcastle,-1.0,unknown,Unknown,,unknown,Unknown,,win,Fulham,1.0,5.6,lose,Leeds,-1.0,6.3,draw,Burnley,0.0,7.6,-1.0,0.5,-1.0,0.0,0.0,1.3333333333333333,5.8,6.5,0.7000000000000002,0.0,0.5,0.0,11,10,October,2020
Ben Godfrey,Everton,Center Back,24,2022/23,76,broken fibula,2022-08-06,2022-11-05,lose,Chelsea,-1.0,6.0,unknown,Unknown,,,unknown,Unknown,,,lose,Aston Villa,-1.0,draw,Nottm Forest,0.0,draw,Brentford,0.0,lose,Wolves,-1.0,6.0,draw,Man City,0.0,6.4,lose,Southampton,-1.0,6.1,-1.0,0.0,-0.3333333333333333,0.6666666666666666,-0.6666666666666666,0.3333333333333333,6.0,6.166666666666667,0.16666666666666696,-0.6666666666666667,-0.6666666666666666,-0.6666666666666667,91,8,August,2022
Ben Godfrey,Everton,Center Back,25,2022/23,76,adductor injury,2023-04-30,2023-05-30,lose,Newcastle,-3.0,5.2,draw,Crystal Palace,0.0,6.0,lose,Fulham,-2.0,5.6,draw,Leicester,0.0,win,Brighton,4.0,lose,Man City,-3.0,unknown,Unknown,,,unknown,Unknown,,,unknown,Unknown,,,-1.6666666666666667,0.3333333333333333,0.3333333333333333,1.3333333333333333,0.0,1.3333333333333333,5.6000000000000005,6.333333333333334,0.7333333333333334,-2.0,-1.0,-2.0,30,4,April,2023
Allan,Everton,Defensive Midfielder,29,2020/21,83,groin injury,2020-10-02,2020-10-16,win,Crystal Palace,1.0,6.3,win,West Brom,3.0,7.2,win,Tottenham,1.0,7.2,win,Brighton,2.0,unknown,Unknown,,unknown,Unknown,,draw,Liverpool,0.0,6.0,lose,Southampton,-2.0,6.3,lose,Newcastle,-1.0,6.8,1.6666666666666667,3.0,2.0,3.0,-1.0,0.3333333333333333,6.8999999999999995,6.366666666666667,-0.5333333333333323,-0.33333333333333326,0.0,-0.33333333333333326,14,10,October,2020
Allan,Everton,Defensive Midfielder,29,2020/21,83,muscle injury,2020-12-17,2021-02-13,win,Leicester,2.0,6.0,win,Chelsea,1.0,7.1,draw,Burnley,0.0,6.5,win,Arsenal,1.0,win,Sheffield,1.0,lose,West Ham,-1.0,win,Southampton,1.0,6.7,win,West Brom,1.0,,lose,Chelsea,-2.0,6.6,1.0,2.3333333333333335,0.3333333333333333,2.0,0.0,2.0,6.533333333333334,6.65,0.11666666666666625,0.6666666666666667,0.3333333333333335,0.6666666666666667,58,12,December,2020
Abdoulaye Doucouré,Everton,Central Midfielder,28,2020/21,79,foot injury,2021-03-04,2021-05-07,win,West Brom,1.0,6.5,win,Southampton,1.0,6.7,win,Liverpool,2.0,6.3,lose,Chelsea,-2.0,lose,Burnley,-1.0,draw,Crystal Palace,0.0,draw,Aston Villa,0.0,6.6,lose,Sheffield,-1.0,6.7,win,Wolves,1.0,7.2,1.3333333333333333,3.0,-1.0,0.3333333333333333,0.0,1.3333333333333333,6.5,6.833333333333333,0.33333333333333304,2.333333333333333,2.6666666666666665,2.333333333333333,64,3,March,2021
Abdoulaye Doucouré,Everton,Central Midfielder,28,2021/22,79,stress reaction of the bone,2021-10-17,2021-11-28,lose,West Ham,-1.0,6.8,draw,Man United,0.0,7.6,win,Norwich City,2.0,8.0,lose,Watford,-3.0,lose,Wolves,-1.0,draw,Tottenham,0.0,lose,Brentford,-1.0,6.4,lose,Liverpool,-3.0,5.6,win,Arsenal,1.0,6.5,0.3333333333333333,1.3333333333333333,-1.3333333333333333,0.3333333333333333,-1.0,1.0,7.466666666666666,6.166666666666667,-1.299999999999999,1.6666666666666665,1.0,1.6666666666666665,42,10,October,2021
Abdoulaye Doucouré,Everton,Central Midfielder,29,2022/23,77,hamstring injury,2022-08-13,2022-10-03,lose,Aston Villa,-1.0,5.5,lose,Chelsea,-1.0,6.7,unknown,Unknown,,,draw,Nottm Forest,0.0,draw,Brentford,0.0,draw,Leeds,0.0,win,West Ham,1.0,,unknown,Unknown,,,unknown,Unknown,,,-1.0,0.0,0.0,1.0,1.0,3.0,6.1,6.311111111111111,0.21111111111111125,-1.0,-1.0,-1.0,51,8,August,2022
Abdoulaye Doucouré,Everton,Central Midfielder,30,2023/24,77,thigh problems,2023-12-17,2024-01-12,win,Burnley,2.0,6.2,win,Chelsea,2.0,7.0,win,Newcastle,3.0,7.3,lose,Tottenham,-1.0,lose,Man City,-2.0,lose,Wolves,-3.0,draw,Aston Villa,0.0,6.2,draw,Crystal Palace,0.0,5.9,draw,Brighton,0.0,5.7,2.3333333333333335,3.0,-2.0,0.0,0.0,1.0,6.833333333333333,5.933333333333334,-0.8999999999999995,4.333333333333334,3.0,4.333333333333334,26,12,December,2023
James Rodríguez,Everton,Attacking Midfielder,29,2020/21,82,groin injury,2020-10-26,2020-11-06,lose,Southampton,-2.0,6.2,draw,Liverpool,0.0,7.4,win,Brighton,2.0,10.0,lose,Newcastle,-1.0,unknown,Unknown,,unknown,Unknown,,lose,Man United,-2.0,6.1,win,Fulham,1.0,6.9,lose,Leeds,-1.0,7.3,0.0,1.3333333333333333,-1.0,0.0,-0.6666666666666666,1.0,7.866666666666667,6.766666666666667,-1.1000000000000005,1.0,1.3333333333333333,1.0,11,10,October,2020
James Rodríguez,Everton,Attacking Midfielder,29,2020/21,82,calf strain,2020-12-06,2020-12-31,draw,Burnley,0.0,7.3,win,Fulham,1.0,6.9,lose,Leeds,-1.0,7.3,win,Chelsea,1.0,win,Leicester,2.0,win,Arsenal,1.0,lose,West Ham,-1.0,,win,Wolves,1.0,6.4,draw,Leicester,0.0,7.6,0.0,1.3333333333333333,1.3333333333333333,3.0,0.0,1.3333333333333333,7.166666666666667,7.0,-0.16666666666666696,-1.3333333333333333,-1.6666666666666667,-1.3333333333333333,25,12,December,2020
James Rodríguez,Everton,Attacking Midfielder,29,2020/21,82,calf injury,2021-02-22,2021-04-01,win,Liverpool,2.0,7.2,lose,Man City,-2.0,,lose,Fulham,-2.0,6.2,win,Southampton,1.0,win,West Brom,1.0,lose,Chelsea,-2.0,draw,Crystal Palace,0.0,8.1,draw,Brighton,0.0,6.5,draw,Tottenham,0.0,7.3,-0.6666666666666666,1.0,0.0,2.0,0.0,1.0,6.7,7.3,0.5999999999999996,-0.6666666666666666,-1.0,-0.6666666666666666,38,2,February,2021
James Rodríguez,Everton,Attacking Midfielder,29,2020/21,82,calf injury,2021-05-01,2021-05-14,win,Arsenal,1.0,6.3,draw,Brighton,0.0,6.5,draw,Tottenham,0.0,7.3,lose,Aston Villa,-1.0,win,West Ham,0.0,draw,Aston Villa,0.0,lose,Sheffield,-1.0,7.1,unknown,Unknown,,,unknown,Unknown,,,0.3333333333333333,1.6666666666666667,-0.3333333333333333,1.3333333333333333,-1.0,0.0,6.7,7.1,0.39999999999999947,0.6666666666666666,0.3333333333333335,0.6666666666666666,13,5,May,2021
Vitaliy Mykolenko,Everton,Left Back,22,2021/22,76,Coronavirus,2022-02-07,2022-02-16,lose,Norwich City,-1.0,5.0,unknown,Unknown,,,unknown,Unknown,,,lose,Newcastle,-2.0,win,Leeds,3.0,unknown,Unknown,,lose,Tottenham,-5.0,,lose,Wolves,-1.0,5.6,unknown,Unknown,,,-1.0,0.0,0.5,1.5,-3.0,0.0,5.0,5.6,0.5999999999999996,-1.5,-1.5,-1.5,9,2,February,2022
Vitaliy Mykolenko,Everton,Left Back,22,2022/23,76,muscle fatigue,2023-05-13,2023-06-05,win,Brighton,4.0,6.8,draw,Leicester,0.0,6.0,lose,Newcastle,-3.0,5.6,lose,Man City,-3.0,draw,Wolves,0.0,win,Bournemouth,1.0,unknown,Unknown,,,unknown,Unknown,,,unknown,Unknown,,,0.3333333333333333,1.3333333333333333,-0.6666666666666666,1.3333333333333333,0.0,1.3333333333333333,6.133333333333333,5.977777777777778,-0.155555555555555,1.0,0.0,1.0,23,5,May,2023
Vitaliy Mykolenko,Everton,Left Back,24,2023/24,75,groin injury,2023-12-15,2023-12-22,win,Chelsea,2.0,6.8,win,Newcastle,3.0,6.5,win,Nottm Forest,1.0,6.7,win,Burnley,2.0,unknown,Unknown,,unknown,Unknown,,lose,Tottenham,-1.0,6.9,lose,Man City,-2.0,5.5,lose,Wolves,-3.0,6.7,2.0,3.0,2.0,3.0,-2.0,0.0,6.666666666666667,6.366666666666667,-0.2999999999999998,0.0,0.0,0.0,7,12,December,2023
Vitaliy Mykolenko,Everton,Left Back,24,2023/24,75,cold,2024-03-28,2024-04-01,lose,Man United,-2.0,5.7,lose,West Ham,-2.0,5.9,draw,Brighton,0.0,5.9,lose,Bournemouth,-1.0,unknown,Unknown,,unknown,Unknown,,draw,Newcastle,0.0,6.4,win,Burnley,1.0,6.6,lose,Chelsea,-6.0,4.9,-1.3333333333333333,0.3333333333333333,-1.0,0.0,-1.6666666666666667,1.3333333333333333,5.833333333333333,5.966666666666666,0.13333333333333286,-0.33333333333333326,0.3333333333333333,-0.33333333333333326,4,3,March,2024
Vitaliy Mykolenko,Everton,Left Back,24,2023/24,75,ankle injury,2024-04-25,2024-06-04,win,Liverpool,2.0,6.0,win,Nottm Forest,2.0,6.9,lose,Chelsea,-6.0,4.9,win,Brentford,1.0,draw,Luton Town,0.0,win,Sheffield,1.0,unknown,Unknown,,,unknown,Unknown,,,unknown,Unknown,,,-0.6666666666666666,2.0,0.6666666666666666,2.3333333333333335,0.0,1.3333333333333333,5.933333333333334,5.977777777777778,0.04444444444444429,-1.3333333333333333,-0.3333333333333335,-1.3333333333333333,40,4,April,2024
Nathan Patterson,Everton,Right Back,19,2022/23,69,ankle injury,2022-09-21,2022-10-26,win,West Ham,1.0,7.0,draw,Liverpool,0.0,6.2,draw,Leeds,0.0,7.0,win,Southampton,1.0,lose,Man United,-1.0,lose,Tottenham,-2.0,draw,Fulham,0.0,,lose,Leicester,-2.0,,lose,Bournemouth,-3.0,5.6,0.3333333333333333,1.6666666666666667,-0.6666666666666666,1.0,-1.6666666666666667,0.3333333333333333,6.733333333333333,5.6,-1.1333333333333337,1.0,0.6666666666666667,1.0,35,9,September,2022
Nathan Patterson,Everton,Right Back,20,2023/24,72,hamstring injury,2024-04-15,2024-06-11,lose,Chelsea,-6.0,,unknown,Unknown,,,unknown,Unknown,,,win,Nottm Forest,2.0,win,Liverpool,2.0,win,Brentford,1.0,unknown,Unknown,,,unknown,Unknown,,,unknown,Unknown,,,-6.0,0.0,1.6666666666666667,3.0,0.0,1.3333333333333333,6.733333333333333,5.6,-1.1333333333333337,-7.666666666666667,-3.0,-7.666666666666667,57,4,April,2024
Donny van de Beek,Everton,Central Midfielder,24,2021/22,80,thigh problems,2022-03-31,2022-05-16,lose,Wolves,-1.0,6.3,lose,Tottenham,-5.0,6.1,lose,Man City,-1.0,5.6,lose,West Ham,-1.0,lose,Burnley,-1.0,win,Man United,1.0,lose,Arsenal,-4.0,,unknown,Unknown,,,unknown,Unknown,,,-2.3333333333333335,0.0,-0.3333333333333333,1.0,-4.0,0.0,6.0,6.4,0.40000000000000036,-2.0,-1.0,-2.0,46,3,March,2022
Andros Townsend,Everton,Right winger,30,2021/22,77,broken foot,2021-12-14,2022-01-06,lose,Crystal Palace,-2.0,6.7,win,Arsenal,1.0,5.5,lose,Liverpool,-3.0,5.3,draw,Chelsea,0.0,lose,Brighton,-1.0,unknown,Unknown,,lose,Aston Villa,-1.0,5.8,lose,Newcastle,-2.0,5.9,lose,Southampton,-2.0,6.0,-1.3333333333333333,1.0,-0.5,0.5,-1.6666666666666667,0.0,5.833333333333333,5.8999999999999995,0.06666666666666643,-0.8333333333333333,0.5,-0.8333333333333333,23,12,December,2021
Amadou Onana,Everton,Defensive Midfielder,21,2022/23,75,leg injury,2023-04-14,2023-04-24,lose,Man United,-2.0,5.9,draw,Tottenham,0.0,7.0,draw,Chelsea,0.0,6.4,lose,Fulham,-2.0,draw,Crystal Palace,0.0,unknown,Unknown,,lose,Newcastle,-3.0,6.7,lose,Man City,-3.0,,draw,Wolves,0.0,6.4,-0.6666666666666666,0.6666666666666666,-1.0,0.5,-2.0,0.3333333333333333,6.433333333333334,6.550000000000001,0.11666666666666714,0.33333333333333337,0.16666666666666663,0.33333333333333337,10,4,April,2023
Amadou Onana,Everton,Defensive Midfielder,22,2023/24,77,calf injury,2023-11-11,2023-12-08,win,Crystal Palace,1.0,6.1,win,West Ham,1.0,6.9,lose,Liverpool,-2.0,6.2,lose,Man United,-3.0,win,Nottm Forest,1.0,win,Newcastle,3.0,win,Chelsea,2.0,,win,Burnley,2.0,8.2,lose,Tottenham,-1.0,6.1,0.0,2.0,0.3333333333333333,2.0,1.0,2.0,6.3999999999999995,7.1499999999999995,0.75,-0.3333333333333333,0.0,-0.3333333333333333,27,11,November,2023
James Garner,Everton,Defensive Midfielder,21,2022/23,72,back injury,2022-11-12,2023-02-09,lose,Leicester,-2.0,6.0,draw,Fulham,0.0,6.3,lose,Newcastle,-1.0,6.2,lose,Bournemouth,-3.0,lose,Wolves,-1.0,draw,Man City,0.0,unknown,Unknown,,,unknown,Unknown,,,unknown,Unknown,,,-1.0,0.3333333333333333,-1.3333333333333333,0.3333333333333333,0.0,1.3333333333333333,6.166666666666667,6.4,0.2333333333333334,0.33333333333333326,0.0,0.33333333333333326,89,11,November,2022
Ashley Young,Everton,Left Back,38,2023/24,75,muscle injury,2023-12-11,2024-01-25,win,Chelsea,2.0,6.1,win,Newcastle,3.0,6.7,win,Nottm Forest,1.0,6.8,win,Burnley,2.0,lose,Tottenham,-1.0,lose,Man City,-2.0,draw,Fulham,0.0,5.6,draw,Tottenham,0.0,6.3,lose,Man City,-2.0,5.2,2.0,3.0,-0.3333333333333333,1.0,-0.6666666666666666,0.6666666666666666,6.533333333333334,5.7,-0.8333333333333339,2.3333333333333335,2.0,2.3333333333333335,45,12,December,2023
Jack Harrison,Everton,Right winger,26,2023/24,76,hip injury,2023-07-01,2023-09-21,unknown,Unknown,,,unknown,Unknown,,,unknown,Unknown,,,lose,Aston Villa,-4.0,lose,Wolves,-1.0,draw,Sheffield,0.0,lose,Luton Town,-1.0,,win,Bournemouth,3.0,8.5,lose,Liverpool,-2.0,5.4,0.0,1.3333333333333333,-1.6666666666666667,0.3333333333333333,0.0,1.0,6.366666666666667,6.95,0.583333333333333,1.6666666666666667,1.0,1.6666666666666667,82,7,July,2023
Beto,Everton,Center Forward,25,2023/24,81,knee injury,2023-11-23,2023-11-28,win,Crystal Palace,1.0,,lose,Liverpool,-2.0,,lose,Luton Town,-1.0,,lose,Man United,-3.0,unknown,Unknown,,unknown,Unknown,,win,Nottm Forest,1.0,5.7,win,Chelsea,2.0,5.8,lose,Tottenham,-1.0,,-0.6666666666666666,1.0,-3.0,0.0,0.6666666666666666,2.0,6.366666666666667,5.75,-0.6166666666666671,2.3333333333333335,1.0,2.3333333333333335,5,11,November,2023
